Date,Pharmacist Code,Category.CODE,Category.NAME, NET.SALES , PROFIT ,GP,Pharmacist,Branch,Supervisor,City,Region, Type,
Jan-25,4362,3005,MAKE-UP, 43 , 22 ,50%,Shaimaa Hussein,Pharmacy 49,Mohamed,Riyadh,Middle Region,Street,
Jan-25,4362,3201,DECLARE, 293 , 227 ,78%,Shaimaa Hussein,Pharmacy 49,Mohamed,Riyadh,Middle Region,Street,
Jan-25,4397,1001,MEDCINE," 20,063 "," 8,566 ",43%,???? ?????  ????????,Pharmacy 49,Mohamed,Riyadh,Middle Region,Street,
Jan-25,4397,1002,ANTIBIOTIC," 3,153 "," 1,710 ",54%,???? ?????  ????????,Pharmacy 49,Mohamed,Riyadh,Middle Region,Street,
Jan-25,4397,1003,ZERO BOUNS," 11,178 "," 2,771 ",25%,???? ?????  ????????,Pharmacy 49,Mohamed,Riyadh,Middle Region,Street,
Jan-25,4397,1004,MULTI VITAMIN AND HERBS," 22,677 "," 5,409 ",24%,???? ?????  ????????,Pharmacy 49,Mohamed,Riyadh,Middle Region,Street,
Jan-25,4397,1005,MEDCINE SP ITEMS," 1,964 ", 326 ,17%,???? ?????  ????????,Pharmacy 49,Mohamed,Riyadh,Middle Region,Street,
Jan-25,4397,1211,MILK POWDER," 1,183 ", 125 ,11%,???? ?????  ????????,Pharmacy 49,Mohamed,Riyadh,Middle Region,Street,
Jan-25,4397,2001,FOOD SUPLEMENTS, 102 , 36 ,36%,???? ?????  ????????,Pharmacy 49,Mohamed,Riyadh,Middle Region,Street,
Jan-25,4397,2002,CHILD CARE, 498 , 176 ,35%,???? ?????  ????????,Pharmacy 49,Mohamed,Riyadh,Middle Region,Street,
Jan-25,4397,2003,HAIR CARE, 186 , 50 ,27%,???? ?????  ????????,Pharmacy 49,Mohamed,Riyadh,Middle Region,Street,
Jan-25,4397,2004,HAIR COLORANTS, 388 , 63 ,16%,???? ?????  ????????,Pharmacy 49,Mohamed,Riyadh,Middle Region,Street,
Jan-25,4397,2005,MOUTH AND TEETH CARE," 1,002 ", 420 ,42%,???? ?????  ????????,Pharmacy 49,Mohamed,Riyadh,Middle Region,Street,
Jan-25,4397,2006,SKIN CARE," 1,891 ", 572 ,30%,???? ?????  ????????,Pharmacy 49,Mohamed,Riyadh,Middle Region,Street,
Jan-25,4397,2007,MEDICAL APPLIANCES," 4,839 "," 2,894 ",60%,???? ?????  ????????,Pharmacy 49,Mohamed,Riyadh,Middle Region,Street,
Jan-25,4397,2221,KIDS DIAPERS, 842 , 91 ,11%,???? ?????  ????????,Pharmacy 49,Mohamed,Riyadh,Middle Region,Street,
Jan-25,4397,2222,FEMALES DIAPERS, 818 , 180 ,22%,???? ?????  ????????,Pharmacy 49,Mohamed,Riyadh,Middle Region,Street,
Jan-25,4397,3001,PREMIUM," 4,049 "," 1,188 ",29%,???? ?????  ????????,Pharmacy 49,Mohamed,Riyadh,Middle Region,Street,
Jan-25,4397,3002,CHILD-PREMIUM, 30 , 13 ,43%,???? ?????  ????????,Pharmacy 49,Mohamed,Riyadh,Middle Region,Street,
Jan-25,4397,3003,PERSONAL CARE, 14 , 9 ,64%,???? ?????  ????????,Pharmacy 49,Mohamed,Riyadh,Middle Region,Street,
Jan-25,4397,3004,HEALTHY AND DIET FOOD," 5,290 "," 1,488 ",28%,???? ?????  ????????,Pharmacy 49,Mohamed,Riyadh,Middle Region,Street,
Jan-25,4397,3201,DECLARE, 145 , 124 ,85%,???? ?????  ????????,Pharmacy 49,Mohamed,Riyadh,Middle Region,Street,
Jan-25,4362,1001,MEDCINE," 15,692 "," 6,375 ",41%,Shaimaa Hussein,Pharmacy 49,Mohamed,Riyadh,Middle Region,Street,
Jan-25,4362,1002,ANTIBIOTIC," 2,558 "," 1,337 ",52%,Shaimaa Hussein,Pharmacy 49,Mohamed,Riyadh,Middle Region,Street,
Jan-25,4362,1003,ZERO BOUNS," 7,525 ", (89),-1%,Shaimaa Hussein,Pharmacy 49,Mohamed,Riyadh,Middle Region,Street,
Jan-25,4362,1004,MULTI VITAMIN AND HERBS," 17,359 "," 4,459 ",26%,Shaimaa Hussein,Pharmacy 49,Mohamed,Riyadh,Middle Region,Street,
Jan-25,4362,1005,MEDCINE SP ITEMS, 761 , 193 ,25%,Shaimaa Hussein,Pharmacy 49,Mohamed,Riyadh,Middle Region,Street,
Jan-25,4362,1211,MILK POWDER," 1,586 ", 128 ,8%,Shaimaa Hussein,Pharmacy 49,Mohamed,Riyadh,Middle Region,Street,
Jan-25,4362,2001,FOOD SUPLEMENTS, 70 , 22 ,31%,Shaimaa Hussein,Pharmacy 49,Mohamed,Riyadh,Middle Region,Street,
Jan-25,4362,2002,CHILD CARE, 691 , 272 ,39%,Shaimaa Hussein,Pharmacy 49,Mohamed,Riyadh,Middle Region,Street,
Jan-25,4362,2003,HAIR CARE, 588 , 148 ,25%,Shaimaa Hussein,Pharmacy 49,Mohamed,Riyadh,Middle Region,Street,
Jan-25,4362,2004,HAIR COLORANTS, 359 , 79 ,22%,Shaimaa Hussein,Pharmacy 49,Mohamed,Riyadh,Middle Region,Street,
Jan-25,4362,2005,MOUTH AND TEETH CARE," 1,842 ", 713 ,39%,Shaimaa Hussein,Pharmacy 49,Mohamed,Riyadh,Middle Region,Street,
Jan-25,4362,2006,SKIN CARE," 2,789 ", 887 ,32%,Shaimaa Hussein,Pharmacy 49,Mohamed,Riyadh,Middle Region,Street,
Jan-25,4362,2007,MEDICAL APPLIANCES," 3,335 "," 1,640 ",49%,Shaimaa Hussein,Pharmacy 49,Mohamed,Riyadh,Middle Region,Street,
Jan-25,4362,2221,KIDS DIAPERS, 521 , 81 ,15%,Shaimaa Hussein,Pharmacy 49,Mohamed,Riyadh,Middle Region,Street,
Jan-25,4362,2222,FEMALES DIAPERS, 620 , 118 ,19%,Shaimaa Hussein,Pharmacy 49,Mohamed,Riyadh,Middle Region,Street,
Jan-25,4362,2223,ADULT DIAPERS, 82 , 16 ,19%,Shaimaa Hussein,Pharmacy 49,Mohamed,Riyadh,Middle Region,Street,
Jan-25,4362,3001,PREMIUM," 3,618 "," 1,101 ",30%,Shaimaa Hussein,Pharmacy 49,Mohamed,Riyadh,Middle Region,Street,
Jan-25,4362,3002,CHILD-PREMIUM, 42 , (6),-14%,Shaimaa Hussein,Pharmacy 49,Mohamed,Riyadh,Middle Region,Street,
Jan-25,4362,3004,HEALTHY AND DIET FOOD," 3,569 "," 1,265 ",35%,Shaimaa Hussein,Pharmacy 49,Mohamed,Riyadh,Middle Region,Street,
Jan-25,4362,3005,MAKE-UP, 43 , 22 ,50%,Shaimaa Hussein,Pharmacy 49,Mohamed,Riyadh,Middle Region,Street,
Jan-25,4362,3201,DECLARE, 293 , 227 ,78%,Shaimaa Hussein,Pharmacy 49,Mohamed,Riyadh,Middle Region,Street,
Jan-25,4397,1001,MEDCINE," 20,063 "," 8,566 ",43%,???? ?????  ????????,Pharmacy 49,Mohamed,Riyadh,Middle Region,Street,
Jan-25,4397,1002,ANTIBIOTIC," 3,153 "," 1,710 ",54%,???? ?????  ????????,Pharmacy 49,Mohamed,Riyadh,Middle Region,Street,
Jan-25,4397,1003,ZERO BOUNS," 11,178 "," 2,771 ",25%,???? ?????  ????????,Pharmacy 49,Mohamed,Riyadh,Middle Region,Street,
Jan-25,4397,1004,MULTI VITAMIN AND HERBS," 22,677 "," 5,409 ",24%,???? ?????  ????????,Pharmacy 49,Mohamed,Riyadh,Middle Region,Street,
Jan-25,4397,1005,MEDCINE SP ITEMS," 1,964 ", 326 ,17%,???? ?????  ????????,Pharmacy 49,Mohamed,Riyadh,Middle Region,Street,
Jan-25,4397,1211,MILK POWDER," 1,183 ", 125 ,11%,???? ?????  ????????,Pharmacy 49,Mohamed,Riyadh,Middle Region,Street,
Jan-25,4397,2001,FOOD SUPLEMENTS, 102 , 36 ,36%,???? ?????  ????????,Pharmacy 49,Mohamed,Riyadh,Middle Region,Street,
Jan-25,4397,2002,CHILD CARE, 498 , 176 ,35%,???? ?????  ????????,Pharmacy 49,Mohamed,Riyadh,Middle Region,Street,
Jan-25,4397,2003,HAIR CARE, 186 , 50 ,27%,???? ?????  ????????,Pharmacy 49,Mohamed,Riyadh,Middle Region,Street,
Jan-25,4397,2004,HAIR COLORANTS, 388 , 63 ,16%,???? ?????  ????????,Pharmacy 49,Mohamed,Riyadh,Middle Region,Street,
Jan-25,4397,2005,MOUTH AND TEETH CARE," 1,002 ", 420 ,42%,???? ?????  ????????,Pharmacy 49,Mohamed,Riyadh,Middle Region,Street,
Jan-25,4397,2006,SKIN CARE," 1,891 ", 572 ,30%,???? ?????  ????????,Pharmacy 49,Mohamed,Riyadh,Middle Region,Street,
Jan-25,4397,2007,MEDICAL APPLIANCES," 4,839 "," 2,894 ",60%,???? ?????  ????????,Pharmacy 49,Mohamed,Riyadh,Middle Region,Street,
Jan-25,4397,2221,KIDS DIAPERS, 842 , 91 ,11%,???? ?????  ????????,Pharmacy 49,Mohamed,Riyadh,Middle Region,Street,
Jan-25,4397,2222,FEMALES DIAPERS, 818 , 180 ,22%,???? ?????  ????????,Pharmacy 49,Mohamed,Riyadh,Middle Region,Street,
Jan-25,4397,3001,PREMIUM," 4,049 "," 1,188 ",29%,???? ?????  ????????,Pharmacy 49,Mohamed,Riyadh,Middle Region,Street,
Jan-25,4397,3002,CHILD-PREMIUM, 30 , 13 ,43%,???? ?????  ????????,Pharmacy 49,Mohamed,Riyadh,Middle Region,Street,
Jan-25,4397,3003,PERSONAL CARE, 14 , 9 ,64%,???? ?????  ????????,Pharmacy 49,Mohamed,Riyadh,Middle Region,Street,
Jan-25,4397,3004,HEALTHY AND DIET FOOD," 5,290 "," 1,488 ",28%,???? ?????  ????????,Pharmacy 49,Mohamed,Riyadh,Middle Region,Street,
Jan-25,4397,3201,DECLARE, 145 , 124 ,85%,???? ?????  ????????,Pharmacy 49,Mohamed,Riyadh,Middle Region,Street,
Jan-25,4362,1001,MEDCINE," 15,692 "," 6,375 ",41%,Shaimaa Hussein,Pharmacy 49,Mohamed,Riyadh,Middle Region,Street,
Jan-25,4362,1002,ANTIBIOTIC," 2,558 "," 1,337 ",52%,Shaimaa Hussein,Pharmacy 49,Mohamed,Riyadh,Middle Region,Street,
Jan-25,4362,1003,ZERO BOUNS," 7,525 ", (89),-1%,Shaimaa Hussein,Pharmacy 49,Mohamed,Riyadh,Middle Region,Street,
Jan-25,4362,1004,MULTI VITAMIN AND HERBS," 17,359 "," 4,459 ",26%,Shaimaa Hussein,Pharmacy 49,Mohamed,Riyadh,Middle Region,Street,
Jan-25,4362,1005,MEDCINE SP ITEMS, 761 , 193 ,25%,Shaimaa Hussein,Pharmacy 49,Mohamed,Riyadh,Middle Region,Street,
Jan-25,4362,1211,MILK POWDER," 1,586 ", 128 ,8%,Shaimaa Hussein,Pharmacy 49,Mohamed,Riyadh,Middle Region,Street,
Jan-25,4362,2001,FOOD SUPLEMENTS, 70 , 22 ,31%,Shaimaa Hussein,Pharmacy 49,Mohamed,Riyadh,Middle Region,Street,
Jan-25,4362,2002,CHILD CARE, 691 , 272 ,39%,Shaimaa Hussein,Pharmacy 49,Mohamed,Riyadh,Middle Region,Street,
Jan-25,4362,2003,HAIR CARE, 588 , 148 ,25%,Shaimaa Hussein,Pharmacy 49,Mohamed,Riyadh,Middle Region,Street,
Jan-25,4362,2004,HAIR COLORANTS, 359 , 79 ,22%,Shaimaa Hussein,Pharmacy 49,Mohamed,Riyadh,Middle Region,Street,
Jan-25,4362,2005,MOUTH AND TEETH CARE," 1,842 ", 713 ,39%,Shaimaa Hussein,Pharmacy 49,Mohamed,Riyadh,Middle Region,Street,
Jan-25,4362,2006,SKIN CARE," 2,789 ", 887 ,32%,Shaimaa Hussein,Pharmacy 49,Mohamed,Riyadh,Middle Region,Street,
Jan-25,4362,2007,MEDICAL APPLIANCES," 3,335 "," 1,640 ",49%,Shaimaa Hussein,Pharmacy 49,Mohamed,Riyadh,Middle Region,Street,
Jan-25,4362,2221,KIDS DIAPERS, 521 , 81 ,15%,Shaimaa Hussein,Pharmacy 49,Mohamed,Riyadh,Middle Region,Street,
Jan-25,4362,2222,FEMALES DIAPERS, 620 , 118 ,19%,Shaimaa Hussein,Pharmacy 49,Mohamed,Riyadh,Middle Region,Street,
Jan-25,4362,2223,ADULT DIAPERS, 82 , 16 ,19%,Shaimaa Hussein,Pharmacy 49,Mohamed,Riyadh,Middle Region,Street,
Jan-25,4362,3001,PREMIUM," 3,618 "," 1,101 ",30%,Shaimaa Hussein,Pharmacy 49,Mohamed,Riyadh,Middle Region,Street,
Jan-25,4362,3002,CHILD-PREMIUM, 42 , (6),-14%,Shaimaa Hussein,Pharmacy 49,Mohamed,Riyadh,Middle Region,Street,
Jan-25,4362,3004,HEALTHY AND DIET FOOD," 3,569 "," 1,265 ",35%,Shaimaa Hussein,Pharmacy 49,Mohamed,Riyadh,Middle Region,Street,
Jan-25,4362,3005,MAKE-UP, 43 , 22 ,50%,Shaimaa Hussein,Pharmacy 49,Mohamed,Riyadh,Middle Region,Street,
Jan-25,4362,3201,DECLARE, 293 , 227 ,78%,Shaimaa Hussein,Pharmacy 49,Mohamed,Riyadh,Middle Region,Street,
Jan-25,4397,1001,MEDCINE," 20,063 "," 8,566 ",43%,???? ?????  ????????,Pharmacy 49,Mohamed,Riyadh,Middle Region,Street,
Jan-25,4397,1002,ANTIBIOTIC," 3,153 "," 1,710 ",54%,???? ?????  ????????,Pharmacy 49,Mohamed,Riyadh,Middle Region,Street,
Jan-25,4397,1003,ZERO BOUNS," 11,178 "," 2,771 ",25%,???? ?????  ????????,Pharmacy 49,Mohamed,Riyadh,Middle Region,Street,
Jan-25,4397,1004,MULTI VITAMIN AND HERBS," 22,677 "," 5,409 ",24%,???? ?????  ????????,Pharmacy 49,Mohamed,Riyadh,Middle Region,Street,
Jan-25,4397,1005,MEDCINE SP ITEMS," 1,964 ", 326 ,17%,???? ?????  ????????,Pharmacy 49,Mohamed,Riyadh,Middle Region,Street,
Jan-25,4397,1211,MILK POWDER," 1,183 ", 125 ,11%,???? ?????  ????????,Pharmacy 49,Mohamed,Riyadh,Middle Region,Street,
Jan-25,4397,2001,FOOD SUPLEMENTS, 102 , 36 ,36%,???? ?????  ????????,Pharmacy 49,Mohamed,Riyadh,Middle Region,Street,
Jan-25,4397,2002,CHILD CARE, 498 , 176 ,35%,???? ?????  ????????,Pharmacy 49,Mohamed,Riyadh,Middle Region,Street,
Jan-25,4397,2003,HAIR CARE, 186 , 50 ,27%,???? ?????  ????????,Pharmacy 49,Mohamed,Riyadh,Middle Region,Street,
Jan-25,4397,2004,HAIR COLORANTS, 388 , 63 ,16%,???? ?????  ????????,Pharmacy 49,Mohamed,Riyadh,Middle Region,Street,
Jan-25,4397,2005,MOUTH AND TEETH CARE," 1,002 ", 420 ,42%,???? ?????  ????????,Pharmacy 49,Mohamed,Riyadh,Middle Region,Street,
Jan-25,4397,2006,SKIN CARE," 1,891 ", 572 ,30%,???? ?????  ????????,Pharmacy 49,Mohamed,Riyadh,Middle Region,Street,
Jan-25,4397,2007,MEDICAL APPLIANCES," 4,839 "," 2,894 ",60%,???? ?????  ????????,Pharmacy 49,Mohamed,Riyadh,Middle Region,Street,
Jan-25,4397,2221,KIDS DIAPERS, 842 , 91 ,11%,???? ?????  ????????,Pharmacy 49,Mohamed,Riyadh,Middle Region,Street,
Jan-25,4397,2222,FEMALES DIAPERS, 818 , 180 ,22%,???? ?????  ????????,Pharmacy 49,Mohamed,Riyadh,Middle Region,Street,
Jan-25,4397,3001,PREMIUM," 4,049 "," 1,188 ",29%,???? ?????  ????????,Pharmacy 49,Mohamed,Riyadh,Middle Region,Street,
Jan-25,4397,3002,CHILD-PREMIUM, 30 , 13 ,43%,???? ?????  ????????,Pharmacy 49,Mohamed,Riyadh,Middle Region,Street,
Jan-25,4397,3003,PERSONAL CARE, 14 , 9 ,64%,???? ?????  ????????,Pharmacy 49,Mohamed,Riyadh,Middle Region,Street,
Jan-25,4397,3004,HEALTHY AND DIET FOOD," 5,290 "," 1,488 ",28%,???? ?????  ????????,Pharmacy 49,Mohamed,Riyadh,Middle Region,Street,
Jan-25,4397,3201,DECLARE, 145 , 124 ,85%,???? ?????  ????????,Pharmacy 49,Mohamed,Riyadh,Middle Region,Street,
Jan-25,4362,1001,MEDCINE," 15,692 "," 6,375 ",41%,Shaimaa Hussein,Pharmacy 49,Mohamed,Riyadh,Middle Region,Street,
Jan-25,4362,1002,ANTIBIOTIC," 2,558 "," 1,337 ",52%,Shaimaa Hussein,Pharmacy 49,Mohamed,Riyadh,Middle Region,Street,
Jan-25,4362,1003,ZERO BOUNS," 7,525 ", (89),-1%,Shaimaa Hussein,Pharmacy 49,Mohamed,Riyadh,Middle Region,Street,
Jan-25,4362,1004,MULTI VITAMIN AND HERBS," 17,359 "," 4,459 ",26%,Shaimaa Hussein,Pharmacy 49,Mohamed,Riyadh,Middle Region,Street,
Jan-25,4362,1005,MEDCINE SP ITEMS, 761 , 193 ,25%,Shaimaa Hussein,Pharmacy 49,Mohamed,Riyadh,Middle Region,Street,
Jan-25,4362,1211,MILK POWDER," 1,586 ", 128 ,8%,Shaimaa Hussein,Pharmacy 49,Mohamed,Riyadh,Middle Region,Street,
Jan-25,4362,2001,FOOD SUPLEMENTS, 70 , 22 ,31%,Shaimaa Hussein,Pharmacy 49,Mohamed,Riyadh,Middle Region,Street,
Jan-25,4362,2002,CHILD CARE, 691 , 272 ,39%,Shaimaa Hussein,Pharmacy 49,Mohamed,Riyadh,Middle Region,Street,
Jan-25,4362,2003,HAIR CARE, 588 , 148 ,25%,Shaimaa Hussein,Pharmacy 49,Mohamed,Riyadh,Middle Region,Street,
Jan-25,4362,2004,HAIR COLORANTS, 359 , 79 ,22%,Shaimaa Hussein,Pharmacy 49,Mohamed,Riyadh,Middle Region,Street,
Jan-25,4362,2005,MOUTH AND TEETH CARE," 1,842 ", 713 ,39%,Shaimaa Hussein,Pharmacy 49,Mohamed,Riyadh,Middle Region,Street,
Jan-25,4362,2006,SKIN CARE," 2,789 ", 887 ,32%,Shaimaa Hussein,Pharmacy 49,Mohamed,Riyadh,Middle Region,Street,
Jan-25,4362,2007,MEDICAL APPLIANCES," 3,335 "," 1,640 ",49%,Shaimaa Hussein,Pharmacy 49,Mohamed,Riyadh,Middle Region,Street,
Jan-25,4362,2221,KIDS DIAPERS, 521 , 81 ,15%,Shaimaa Hussein,Pharmacy 49,Mohamed,Riyadh,Middle Region,Street,
Jan-25,4362,2222,FEMALES DIAPERS, 620 , 118 ,19%,Shaimaa Hussein,Pharmacy 49,Mohamed,Riyadh,Middle Region,Street,
Jan-25,4362,2223,ADULT DIAPERS, 82 , 16 ,19%,Shaimaa Hussein,Pharmacy 49,Mohamed,Riyadh,Middle Region,Street,
Jan-25,4362,3001,PREMIUM," 3,618 "," 1,101 ",30%,Shaimaa Hussein,Pharmacy 49,Mohamed,Riyadh,Middle Region,Street,
Jan-25,4362,3002,CHILD-PREMIUM, 42 , (6),-14%,Shaimaa Hussein,Pharmacy 49,Mohamed,Riyadh,Middle Region,Street,
Jan-25,4362,3004,HEALTHY AND DIET FOOD," 3,569 "," 1,265 ",35%,Shaimaa Hussein,Pharmacy 49,Mohamed,Riyadh,Middle Region,Street,
Jan-25,4362,3005,MAKE-UP, 43 , 22 ,50%,Shaimaa Hussein,Pharmacy 49,Mohamed,Riyadh,Middle Region,Street,
Jan-25,4362,3201,DECLARE, 293 , 227 ,78%,Shaimaa Hussein,Pharmacy 49,Mohamed,Riyadh,Middle Region,Street,
Jan-25,4397,1001,MEDCINE," 20,063 "," 8,566 ",43%,???? ?????  ????????,Pharmacy 49,Mohamed,Riyadh,Middle Region,Street,
Jan-25,4397,1002,ANTIBIOTIC," 3,153 "," 1,710 ",54%,???? ?????  ????????,Pharmacy 49,Mohamed,Riyadh,Middle Region,Street,
Jan-25,4397,1003,ZERO BOUNS," 11,178 "," 2,771 ",25%,???? ?????  ????????,Pharmacy 49,Mohamed,Riyadh,Middle Region,Street,
Jan-25,4397,1004,MULTI VITAMIN AND HERBS," 22,677 "," 5,409 ",24%,???? ?????  ????????,Pharmacy 49,Mohamed,Riyadh,Middle Region,Street,
Jan-25,4397,1005,MEDCINE SP ITEMS," 1,964 ", 326 ,17%,???? ?????  ????????,Pharmacy 49,Mohamed,Riyadh,Middle Region,Street,
Jan-25,4397,1211,MILK POWDER," 1,183 ", 125 ,11%,???? ?????  ????????,Pharmacy 49,Mohamed,Riyadh,Middle Region,Street,
Jan-25,4397,2001,FOOD SUPLEMENTS, 102 , 36 ,36%,???? ?????  ????????,Pharmacy 49,Mohamed,Riyadh,Middle Region,Street,
Jan-25,4397,2002,CHILD CARE, 498 , 176 ,35%,???? ?????  ????????,Pharmacy 49,Mohamed,Riyadh,Middle Region,Street,
Jan-25,4397,2003,HAIR CARE, 186 , 50 ,27%,???? ?????  ????????,Pharmacy 49,Mohamed,Riyadh,Middle Region,Street,
Jan-25,4397,2004,HAIR COLORANTS, 388 , 63 ,16%,???? ?????  ????????,Pharmacy 49,Mohamed,Riyadh,Middle Region,Street,
Jan-25,4397,2005,MOUTH AND TEETH CARE," 1,002 ", 420 ,42%,???? ?????  ????????,Pharmacy 49,Mohamed,Riyadh,Middle Region,Street,
Jan-25,4397,2006,SKIN CARE," 1,891 ", 572 ,30%,???? ?????  ????????,Pharmacy 49,Mohamed,Riyadh,Middle Region,Street,
Jan-25,4397,2007,MEDICAL APPLIANCES," 4,839 "," 2,894 ",60%,???? ?????  ????????,Pharmacy 49,Mohamed,Riyadh,Middle Region,Street,
Jan-25,4397,2221,KIDS DIAPERS, 842 , 91 ,11%,???? ?????  ????????,Pharmacy 49,Mohamed,Riyadh,Middle Region,Street,
Jan-25,4397,2222,FEMALES DIAPERS, 818 , 180 ,22%,???? ?????  ????????,Pharmacy 49,Mohamed,Riyadh,Middle Region,Street,
Jan-25,4397,3001,PREMIUM," 4,049 "," 1,188 ",29%,???? ?????  ????????,Pharmacy 49,Mohamed,Riyadh,Middle Region,Street,
Jan-25,4397,3002,CHILD-PREMIUM, 30 , 13 ,43%,???? ?????  ????????,Pharmacy 49,Mohamed,Riyadh,Middle Region,Street,
Jan-25,4397,3003,PERSONAL CARE, 14 , 9 ,64%,???? ?????  ????????,Pharmacy 49,Mohamed,Riyadh,Middle Region,Street,
Jan-25,4397,3004,HEALTHY AND DIET FOOD," 5,290 "," 1,488 ",28%,???? ?????  ????????,Pharmacy 49,Mohamed,Riyadh,Middle Region,Street,
Jan-25,4397,3201,DECLARE, 145 , 124 ,85%,???? ?????  ????????,Pharmacy 49,Mohamed,Riyadh,Middle Region,Street,
Jan-25,4417,1001,MEDCINE," 59,640 "," 28,764 ",48%,Maged Sahaban,Pharmacy 5,Abbdallah,Riyadh,Middle Region,PolyClinic,
Jan-25,4417,1002,ANTIBIOTIC," 12,651 "," 7,577 ",60%,Maged Sahaban,Pharmacy 5,Abbdallah,Riyadh,Middle Region,PolyClinic,
Jan-25,4417,1003,ZERO BOUNS," 31,687 "," 5,764 ",18%,Maged Sahaban,Pharmacy 5,Abbdallah,Riyadh,Middle Region,PolyClinic,
Jan-25,4417,1004,MULTI VITAMIN AND HERBS," 27,974 "," 15,990 ",57%,Maged Sahaban,Pharmacy 5,Abbdallah,Riyadh,Middle Region,PolyClinic,
Jan-25,4417,1005,MEDCINE SP ITEMS," 7,775 "," 2,108 ",27%,Maged Sahaban,Pharmacy 5,Abbdallah,Riyadh,Middle Region,PolyClinic,
Jan-25,4417,1211,MILK POWDER," 3,482 ", 298 ,9%,Maged Sahaban,Pharmacy 5,Abbdallah,Riyadh,Middle Region,PolyClinic,
Jan-25,4417,2001,FOOD SUPLEMENTS, 417 , 201 ,48%,Maged Sahaban,Pharmacy 5,Abbdallah,Riyadh,Middle Region,PolyClinic,
Jan-25,4417,2002,CHILD CARE, 711 , 245 ,34%,Maged Sahaban,Pharmacy 5,Abbdallah,Riyadh,Middle Region,PolyClinic,
Jan-25,4417,2003,HAIR CARE, 923 , 292 ,32%,Maged Sahaban,Pharmacy 5,Abbdallah,Riyadh,Middle Region,PolyClinic,
Jan-25,4417,2004,HAIR COLORANTS, 648 , 157 ,24%,Maged Sahaban,Pharmacy 5,Abbdallah,Riyadh,Middle Region,PolyClinic,
Jan-25,4417,2005,MOUTH AND TEETH CARE," 2,371 "," 1,026 ",43%,Maged Sahaban,Pharmacy 5,Abbdallah,Riyadh,Middle Region,PolyClinic,
Jan-25,4417,2006,SKIN CARE," 4,134 "," 1,322 ",32%,Maged Sahaban,Pharmacy 5,Abbdallah,Riyadh,Middle Region,PolyClinic,
Jan-25,4417,2007,MEDICAL APPLIANCES," 8,912 "," 4,098 ",46%,Maged Sahaban,Pharmacy 5,Abbdallah,Riyadh,Middle Region,PolyClinic,
Jan-25,4417,2221,KIDS DIAPERS, 670 , 81 ,12%,Maged Sahaban,Pharmacy 5,Abbdallah,Riyadh,Middle Region,PolyClinic,
Jan-25,4417,2222,FEMALES DIAPERS, 955 , 193 ,20%,Maged Sahaban,Pharmacy 5,Abbdallah,Riyadh,Middle Region,PolyClinic,
Jan-25,4417,2223,ADULT DIAPERS, 402 , 27 ,7%,Maged Sahaban,Pharmacy 5,Abbdallah,Riyadh,Middle Region,PolyClinic,
Jan-25,4417,3001,PREMIUM," 25,952 "," 13,937 ",54%,Maged Sahaban,Pharmacy 5,Abbdallah,Riyadh,Middle Region,PolyClinic,
Jan-25,4417,3002,CHILD-PREMIUM, 467 , 275 ,59%,Maged Sahaban,Pharmacy 5,Abbdallah,Riyadh,Middle Region,PolyClinic,
Jan-25,4417,3003,PERSONAL CARE, 48 , 24 ,50%,Maged Sahaban,Pharmacy 5,Abbdallah,Riyadh,Middle Region,PolyClinic,
Jan-25,4417,3004,HEALTHY AND DIET FOOD, 121 , 61 ,51%,Maged Sahaban,Pharmacy 5,Abbdallah,Riyadh,Middle Region,PolyClinic,
Jan-25,4417,3005,MAKE-UP, 464 , 175 ,38%,Maged Sahaban,Pharmacy 5,Abbdallah,Riyadh,Middle Region,PolyClinic,
Jan-25,4417,3201,DECLARE," 2,921 "," 2,451 ",84%,Maged Sahaban,Pharmacy 5,Abbdallah,Riyadh,Middle Region,PolyClinic,
Jan-25,4417,4201,LAB," 62,758 "," 50,205 ",80%,Maged Sahaban,Pharmacy 5,Abbdallah,Riyadh,Middle Region,PolyClinic,
Jan-25,4434,1001,MEDCINE," 37,492 "," 18,364 ",49%,???? ??? ,Pharmacy 5,Abbdallah,Riyadh,Middle Region,PolyClinic,
Jan-25,4434,1002,ANTIBIOTIC," 8,454 "," 4,866 ",58%,???? ??? ,Pharmacy 5,Abbdallah,Riyadh,Middle Region,PolyClinic,
Jan-25,4434,1003,ZERO BOUNS," 16,905 "," 3,666 ",22%,???? ??? ,Pharmacy 5,Abbdallah,Riyadh,Middle Region,PolyClinic,
Jan-25,4434,1004,MULTI VITAMIN AND HERBS," 20,392 "," 11,527 ",57%,???? ??? ,Pharmacy 5,Abbdallah,Riyadh,Middle Region,PolyClinic,
Jan-25,4434,1005,MEDCINE SP ITEMS," 13,332 "," 3,477 ",26%,???? ??? ,Pharmacy 5,Abbdallah,Riyadh,Middle Region,PolyClinic,
Jan-25,4434,1211,MILK POWDER," 4,028 ", 341 ,8%,???? ??? ,Pharmacy 5,Abbdallah,Riyadh,Middle Region,PolyClinic,
Jan-25,4434,2001,FOOD SUPLEMENTS, 397 , 170 ,43%,???? ??? ,Pharmacy 5,Abbdallah,Riyadh,Middle Region,PolyClinic,
Jan-25,4434,2002,CHILD CARE, 393 , 132 ,34%,???? ??? ,Pharmacy 5,Abbdallah,Riyadh,Middle Region,PolyClinic,
Jan-25,4434,2003,HAIR CARE, 756 , 239 ,32%,???? ??? ,Pharmacy 5,Abbdallah,Riyadh,Middle Region,PolyClinic,
Jan-25,4434,2004,HAIR COLORANTS, 392 , 104 ,26%,???? ??? ,Pharmacy 5,Abbdallah,Riyadh,Middle Region,PolyClinic,
Jan-25,4434,2005,MOUTH AND TEETH CARE," 1,452 ", 594 ,41%,???? ??? ,Pharmacy 5,Abbdallah,Riyadh,Middle Region,PolyClinic,
Jan-25,4434,2006,SKIN CARE," 3,160 "," 1,071 ",34%,???? ??? ,Pharmacy 5,Abbdallah,Riyadh,Middle Region,PolyClinic,
Jan-25,4434,2007,MEDICAL APPLIANCES," 5,253 "," 2,798 ",53%,???? ??? ,Pharmacy 5,Abbdallah,Riyadh,Middle Region,PolyClinic,
Jan-25,4434,2221,KIDS DIAPERS," 1,051 ", 182 ,17%,???? ??? ,Pharmacy 5,Abbdallah,Riyadh,Middle Region,PolyClinic,
Jan-25,4434,2222,FEMALES DIAPERS, 711 , 142 ,20%,???? ??? ,Pharmacy 5,Abbdallah,Riyadh,Middle Region,PolyClinic,
Jan-25,4434,2223,ADULT DIAPERS, 941 , 257 ,27%,???? ??? ,Pharmacy 5,Abbdallah,Riyadh,Middle Region,PolyClinic,
Jan-25,4434,3001,PREMIUM," 22,458 "," 13,700 ",61%,???? ??? ,Pharmacy 5,Abbdallah,Riyadh,Middle Region,PolyClinic,
Jan-25,4434,3002,CHILD-PREMIUM, 312 , 77 ,25%,???? ??? ,Pharmacy 5,Abbdallah,Riyadh,Middle Region,PolyClinic,
Jan-25,4434,3003,PERSONAL CARE, 523 , 114 ,22%,???? ??? ,Pharmacy 5,Abbdallah,Riyadh,Middle Region,PolyClinic,
Jan-25,4434,3004,HEALTHY AND DIET FOOD," 1,070 ", 571 ,53%,???? ??? ,Pharmacy 5,Abbdallah,Riyadh,Middle Region,PolyClinic,
Jan-25,4434,3005,MAKE-UP, 768 , 327 ,43%,???? ??? ,Pharmacy 5,Abbdallah,Riyadh,Middle Region,PolyClinic,
Jan-25,4434,3201,DECLARE," 2,927 "," 2,457 ",84%,???? ??? ,Pharmacy 5,Abbdallah,Riyadh,Middle Region,PolyClinic,
Jan-25,4434,4201,LAB," 46,562 "," 37,248 ",80%,???? ??? ,Pharmacy 5,Abbdallah,Riyadh,Middle Region,PolyClinic,
Jan-25,4582,1001,MEDCINE," 63,209 "," 30,772 ",49%,Ahmed Mowafi,Pharmacy 5,Abbdallah,Riyadh,Middle Region,PolyClinic,
Jan-25,4582,1002,ANTIBIOTIC," 19,546 "," 11,212 ",57%,Ahmed Mowafi,Pharmacy 5,Abbdallah,Riyadh,Middle Region,PolyClinic,
Jan-25,4582,1003,ZERO BOUNS," 30,333 "," 6,146 ",20%,Ahmed Mowafi,Pharmacy 5,Abbdallah,Riyadh,Middle Region,PolyClinic,
Jan-25,4582,1004,MULTI VITAMIN AND HERBS," 38,654 "," 22,310 ",58%,Ahmed Mowafi,Pharmacy 5,Abbdallah,Riyadh,Middle Region,PolyClinic,
Jan-25,4582,1005,MEDCINE SP ITEMS," 10,108 "," 3,069 ",30%,Ahmed Mowafi,Pharmacy 5,Abbdallah,Riyadh,Middle Region,PolyClinic,
Jan-25,4582,1211,MILK POWDER," 4,400 ", 509 ,12%,Ahmed Mowafi,Pharmacy 5,Abbdallah,Riyadh,Middle Region,PolyClinic,
Jan-25,4582,2001,FOOD SUPLEMENTS, 381 , 183 ,48%,Ahmed Mowafi,Pharmacy 5,Abbdallah,Riyadh,Middle Region,PolyClinic,
Jan-25,4582,2002,CHILD CARE," 1,695 ", 559 ,33%,Ahmed Mowafi,Pharmacy 5,Abbdallah,Riyadh,Middle Region,PolyClinic,
Jan-25,4582,2003,HAIR CARE," 1,039 ", 295 ,28%,Ahmed Mowafi,Pharmacy 5,Abbdallah,Riyadh,Middle Region,PolyClinic,
Jan-25,4582,2004,HAIR COLORANTS, 554 , 125 ,23%,Ahmed Mowafi,Pharmacy 5,Abbdallah,Riyadh,Middle Region,PolyClinic,
Jan-25,4582,2005,MOUTH AND TEETH CARE," 3,083 "," 1,335 ",43%,Ahmed Mowafi,Pharmacy 5,Abbdallah,Riyadh,Middle Region,PolyClinic,
Jan-25,4582,2006,SKIN CARE," 4,517 "," 1,515 ",34%,Ahmed Mowafi,Pharmacy 5,Abbdallah,Riyadh,Middle Region,PolyClinic,
Jan-25,4582,2007,MEDICAL APPLIANCES," 8,435 "," 4,577 ",54%,Ahmed Mowafi,Pharmacy 5,Abbdallah,Riyadh,Middle Region,PolyClinic,
Jan-25,4582,2221,KIDS DIAPERS," 1,104 ", 133 ,12%,Ahmed Mowafi,Pharmacy 5,Abbdallah,Riyadh,Middle Region,PolyClinic,
Jan-25,4582,2222,FEMALES DIAPERS," 1,189 ", 245 ,21%,Ahmed Mowafi,Pharmacy 5,Abbdallah,Riyadh,Middle Region,PolyClinic,
Jan-25,4582,2223,ADULT DIAPERS, 282 , 89 ,32%,Ahmed Mowafi,Pharmacy 5,Abbdallah,Riyadh,Middle Region,PolyClinic,
Jan-25,4582,3001,PREMIUM," 34,211 "," 21,022 ",61%,Ahmed Mowafi,Pharmacy 5,Abbdallah,Riyadh,Middle Region,PolyClinic,
Jan-25,4582,3002,CHILD-PREMIUM, 788 , 450 ,57%,Ahmed Mowafi,Pharmacy 5,Abbdallah,Riyadh,Middle Region,PolyClinic,
Jan-25,4582,3003,PERSONAL CARE, 321 , 172 ,54%,Ahmed Mowafi,Pharmacy 5,Abbdallah,Riyadh,Middle Region,PolyClinic,
Jan-25,4582,3004,HEALTHY AND DIET FOOD, 527 , 324 ,61%,Ahmed Mowafi,Pharmacy 5,Abbdallah,Riyadh,Middle Region,PolyClinic,
Jan-25,4582,3005,MAKE-UP," 1,043 ", 375 ,36%,Ahmed Mowafi,Pharmacy 5,Abbdallah,Riyadh,Middle Region,PolyClinic,
Jan-25,4582,3201,DECLARE," 6,501 "," 5,545 ",85%,Ahmed Mowafi,Pharmacy 5,Abbdallah,Riyadh,Middle Region,PolyClinic,
Jan-25,4582,4201,LAB," 76,447 "," 61,139 ",80%,Ahmed Mowafi,Pharmacy 5,Abbdallah,Riyadh,Middle Region,PolyClinic,
Jan-25,7784,1001,MEDCINE," 14,446 "," 5,756 ",40%,???? ???? ???? ???????,Pharmacy 5,Abbdallah,Riyadh,Middle Region,PolyClinic,
Jan-25,7784,1002,ANTIBIOTIC," 2,986 "," 1,740 ",58%,???? ???? ???? ???????,Pharmacy 5,Abbdallah,Riyadh,Middle Region,PolyClinic,
Jan-25,7784,1003,ZERO BOUNS," 5,144 "," 1,264 ",25%,???? ???? ???? ???????,Pharmacy 5,Abbdallah,Riyadh,Middle Region,PolyClinic,
Jan-25,7784,1004,MULTI VITAMIN AND HERBS," 6,985 "," 3,763 ",54%,???? ???? ???? ???????,Pharmacy 5,Abbdallah,Riyadh,Middle Region,PolyClinic,
Jan-25,7784,1005,MEDCINE SP ITEMS," 5,617 ", 994 ,18%,???? ???? ???? ???????,Pharmacy 5,Abbdallah,Riyadh,Middle Region,PolyClinic,
Jan-25,7784,1211,MILK POWDER," 3,896 ", 204 ,5%,???? ???? ???? ???????,Pharmacy 5,Abbdallah,Riyadh,Middle Region,PolyClinic,
Jan-25,7784,2001,FOOD SUPLEMENTS, 241 , 128 ,53%,???? ???? ???? ???????,Pharmacy 5,Abbdallah,Riyadh,Middle Region,PolyClinic,
Jan-25,7784,2002,CHILD CARE, 221 , 63 ,29%,???? ???? ???? ???????,Pharmacy 5,Abbdallah,Riyadh,Middle Region,PolyClinic,
Jan-25,7784,2003,HAIR CARE, 282 , 77 ,27%,???? ???? ???? ???????,Pharmacy 5,Abbdallah,Riyadh,Middle Region,PolyClinic,
Jan-25,7784,2004,HAIR COLORANTS, 323 , 60 ,19%,???? ???? ???? ???????,Pharmacy 5,Abbdallah,Riyadh,Middle Region,PolyClinic,
Jan-25,7784,2005,MOUTH AND TEETH CARE," 1,586 ", 675 ,43%,???? ???? ???? ???????,Pharmacy 5,Abbdallah,Riyadh,Middle Region,PolyClinic,
Jan-25,7784,2006,SKIN CARE," 1,694 ", 554 ,33%,???? ???? ???? ???????,Pharmacy 5,Abbdallah,Riyadh,Middle Region,PolyClinic,
Jan-25,7784,2007,MEDICAL APPLIANCES," 2,017 "," 1,169 ",58%,???? ???? ???? ???????,Pharmacy 5,Abbdallah,Riyadh,Middle Region,PolyClinic,
Jan-25,7784,2221,KIDS DIAPERS, 367 , 14 ,4%,???? ???? ???? ???????,Pharmacy 5,Abbdallah,Riyadh,Middle Region,PolyClinic,
Jan-25,7784,2222,FEMALES DIAPERS, 272 , 62 ,23%,???? ???? ???? ???????,Pharmacy 5,Abbdallah,Riyadh,Middle Region,PolyClinic,
Jan-25,7784,2223,ADULT DIAPERS, 288 , 66 ,23%,???? ???? ???? ???????,Pharmacy 5,Abbdallah,Riyadh,Middle Region,PolyClinic,
Jan-25,7784,3001,PREMIUM," 5,615 "," 2,706 ",48%,???? ???? ???? ???????,Pharmacy 5,Abbdallah,Riyadh,Middle Region,PolyClinic,
Jan-25,7784,3003,PERSONAL CARE, 310 , 93 ,30%,???? ???? ???? ???????,Pharmacy 5,Abbdallah,Riyadh,Middle Region,PolyClinic,
Jan-25,7784,3004,HEALTHY AND DIET FOOD, 9 , 4 ,45%,???? ???? ???? ???????,Pharmacy 5,Abbdallah,Riyadh,Middle Region,PolyClinic,
Jan-25,7784,3005,MAKE-UP, 279 , 102 ,37%,???? ???? ???? ???????,Pharmacy 5,Abbdallah,Riyadh,Middle Region,PolyClinic,
Jan-25,7784,3201,DECLARE, 429 , 361 ,84%,???? ???? ???? ???????,Pharmacy 5,Abbdallah,Riyadh,Middle Region,PolyClinic,
Jan-25,7784,4201,LAB," 5,123 "," 4,097 ",80%,???? ???? ???? ???????,Pharmacy 5,Abbdallah,Riyadh,Middle Region,PolyClinic,
Jan-25,4289,1001,MEDCINE," 31,900 "," 11,903 ",37%,????? ???? ???? ????,Pharmacy 50,Mohamed,Riyadh,Middle Region,Street,
Jan-25,4289,1002,ANTIBIOTIC," 4,858 "," 2,414 ",50%,????? ???? ???? ????,Pharmacy 50,Mohamed,Riyadh,Middle Region,Street,
Jan-25,4289,1003,ZERO BOUNS," 13,511 "," 2,152 ",16%,????? ???? ???? ????,Pharmacy 50,Mohamed,Riyadh,Middle Region,Street,
Jan-25,4289,1004,MULTI VITAMIN AND HERBS," 5,255 "," 1,871 ",36%,????? ???? ???? ????,Pharmacy 50,Mohamed,Riyadh,Middle Region,Street,
Jan-25,4289,1005,MEDCINE SP ITEMS, 866 , (66),-8%,????? ???? ???? ????,Pharmacy 50,Mohamed,Riyadh,Middle Region,Street,
Jan-25,4289,1211,MILK POWDER," 9,170 "," 1,064 ",12%,????? ???? ???? ????,Pharmacy 50,Mohamed,Riyadh,Middle Region,Street,
Jan-25,4289,2001,FOOD SUPLEMENTS, 323 , 111 ,34%,????? ???? ???? ????,Pharmacy 50,Mohamed,Riyadh,Middle Region,Street,
Jan-25,4289,2002,CHILD CARE," 1,069 ", 462 ,43%,????? ???? ???? ????,Pharmacy 50,Mohamed,Riyadh,Middle Region,Street,
Jan-25,4289,2003,HAIR CARE," 1,123 ", 287 ,26%,????? ???? ???? ????,Pharmacy 50,Mohamed,Riyadh,Middle Region,Street,
Jan-25,4289,2004,HAIR COLORANTS, 365 , 81 ,22%,????? ???? ???? ????,Pharmacy 50,Mohamed,Riyadh,Middle Region,Street,
Jan-25,4289,2005,MOUTH AND TEETH CARE," 1,138 ", 503 ,44%,????? ???? ???? ????,Pharmacy 50,Mohamed,Riyadh,Middle Region,Street,
Jan-25,4289,2006,SKIN CARE," 3,703 ", 924 ,25%,????? ???? ???? ????,Pharmacy 50,Mohamed,Riyadh,Middle Region,Street,
Jan-25,4289,2007,MEDICAL APPLIANCES," 6,184 "," 2,322 ",38%,????? ???? ???? ????,Pharmacy 50,Mohamed,Riyadh,Middle Region,Street,
Jan-25,4289,2221,KIDS DIAPERS," 3,181 ", 393 ,12%,????? ???? ???? ????,Pharmacy 50,Mohamed,Riyadh,Middle Region,Street,
Jan-25,4289,2222,FEMALES DIAPERS, 748 , 159 ,21%,????? ???? ???? ????,Pharmacy 50,Mohamed,Riyadh,Middle Region,Street,
Jan-25,4289,2223,ADULT DIAPERS, 821 , 116 ,14%,????? ???? ???? ????,Pharmacy 50,Mohamed,Riyadh,Middle Region,Street,
Jan-25,4289,3001,PREMIUM," 1,256 ", 549 ,44%,????? ???? ???? ????,Pharmacy 50,Mohamed,Riyadh,Middle Region,Street,
Jan-25,4289,3002,CHILD-PREMIUM, 94 , 5 ,5%,????? ???? ???? ????,Pharmacy 50,Mohamed,Riyadh,Middle Region,Street,
Jan-25,4289,3003,PERSONAL CARE, 42 , 27 ,64%,????? ???? ???? ????,Pharmacy 50,Mohamed,Riyadh,Middle Region,Street,
Jan-25,4289,3004,HEALTHY AND DIET FOOD, 55 , 19 ,34%,????? ???? ???? ????,Pharmacy 50,Mohamed,Riyadh,Middle Region,Street,
Jan-25,4300,1001,MEDCINE, 346 , 189 ,55%,???? ??????,Pharmacy 50,Mohamed,Riyadh,Middle Region,Street,
Jan-25,4300,1002,ANTIBIOTIC, 40 , 24 ,60%,???? ??????,Pharmacy 50,Mohamed,Riyadh,Middle Region,Street,
Jan-25,4300,1003,ZERO BOUNS, 149 , 30 ,20%,???? ??????,Pharmacy 50,Mohamed,Riyadh,Middle Region,Street,
Jan-25,4300,1004,MULTI VITAMIN AND HERBS, 22 , 7 ,31%,???? ??????,Pharmacy 50,Mohamed,Riyadh,Middle Region,Street,
Jan-25,4300,1211,MILK POWDER, 380 , 21 ,6%,???? ??????,Pharmacy 50,Mohamed,Riyadh,Middle Region,Street,
Jan-25,4300,2001,FOOD SUPLEMENTS, 5 , 2 ,30%,???? ??????,Pharmacy 50,Mohamed,Riyadh,Middle Region,Street,
Jan-25,4300,2002,CHILD CARE, 94 , 31 ,33%,???? ??????,Pharmacy 50,Mohamed,Riyadh,Middle Region,Street,
Jan-25,4300,2004,HAIR COLORANTS, 19 , 6 ,30%,???? ??????,Pharmacy 50,Mohamed,Riyadh,Middle Region,Street,
Jan-25,4300,2006,SKIN CARE, 110 , 10 ,9%,???? ??????,Pharmacy 50,Mohamed,Riyadh,Middle Region,Street,
Jan-25,4300,2007,MEDICAL APPLIANCES, 12 , 7 ,58%,???? ??????,Pharmacy 50,Mohamed,Riyadh,Middle Region,Street,
Jan-25,4300,2221,KIDS DIAPERS, 523 , 61 ,12%,???? ??????,Pharmacy 50,Mohamed,Riyadh,Middle Region,Street,
Jan-25,4300,2222,FEMALES DIAPERS, 56 , 10 ,19%,???? ??????,Pharmacy 50,Mohamed,Riyadh,Middle Region,Street,
Jan-25,4300,3001,PREMIUM, 5 , 2 ,43%,???? ??????,Pharmacy 50,Mohamed,Riyadh,Middle Region,Street,
Jan-25,4300,3002,CHILD-PREMIUM, 64 , 27 ,43%,???? ??????,Pharmacy 50,Mohamed,Riyadh,Middle Region,Street,
Jan-25,4347,1001,MEDCINE," 26,411 "," 11,454 ",43%,????????? ????? ,Pharmacy 50,Mohamed,Riyadh,Middle Region,Street,
Jan-25,4347,1002,ANTIBIOTIC," 4,602 "," 2,361 ",51%,????????? ????? ,Pharmacy 50,Mohamed,Riyadh,Middle Region,Street,
Jan-25,4347,1003,ZERO BOUNS," 11,050 "," 2,286 ",21%,????????? ????? ,Pharmacy 50,Mohamed,Riyadh,Middle Region,Street,
Jan-25,4347,1004,MULTI VITAMIN AND HERBS," 4,819 "," 2,120 ",44%,????????? ????? ,Pharmacy 50,Mohamed,Riyadh,Middle Region,Street,
Jan-25,4347,1005,MEDCINE SP ITEMS," 1,788 ", 301 ,17%,????????? ????? ,Pharmacy 50,Mohamed,Riyadh,Middle Region,Street,
Jan-25,4347,1211,MILK POWDER," 9,290 "," 1,022 ",11%,????????? ????? ,Pharmacy 50,Mohamed,Riyadh,Middle Region,Street,
Jan-25,4347,2001,FOOD SUPLEMENTS, 294 , 101 ,34%,????????? ????? ,Pharmacy 50,Mohamed,Riyadh,Middle Region,Street,
Jan-25,4347,2002,CHILD CARE," 1,194 ", 565 ,47%,????????? ????? ,Pharmacy 50,Mohamed,Riyadh,Middle Region,Street,
Jan-25,4347,2003,HAIR CARE, 910 , 204 ,22%,????????? ????? ,Pharmacy 50,Mohamed,Riyadh,Middle Region,Street,
Jan-25,4347,2004,HAIR COLORANTS, 360 , 84 ,23%,????????? ????? ,Pharmacy 50,Mohamed,Riyadh,Middle Region,Street,
Jan-25,4347,2005,MOUTH AND TEETH CARE," 1,488 ", 628 ,42%,????????? ????? ,Pharmacy 50,Mohamed,Riyadh,Middle Region,Street,
Jan-25,4347,2006,SKIN CARE," 3,853 "," 1,020 ",26%,????????? ????? ,Pharmacy 50,Mohamed,Riyadh,Middle Region,Street,
Jan-25,4347,2007,MEDICAL APPLIANCES," 5,106 "," 2,828 ",55%,????????? ????? ,Pharmacy 50,Mohamed,Riyadh,Middle Region,Street,
Jan-25,4347,2221,KIDS DIAPERS," 1,879 ", 213 ,11%,????????? ????? ,Pharmacy 50,Mohamed,Riyadh,Middle Region,Street,
Jan-25,4347,2222,FEMALES DIAPERS, 573 , 147 ,26%,????????? ????? ,Pharmacy 50,Mohamed,Riyadh,Middle Region,Street,
Jan-25,4347,2223,ADULT DIAPERS, 543 , 75 ,14%,????????? ????? ,Pharmacy 50,Mohamed,Riyadh,Middle Region,Street,
Jan-25,4347,3001,PREMIUM, 813 , 319 ,39%,????????? ????? ,Pharmacy 50,Mohamed,Riyadh,Middle Region,Street,
Jan-25,4347,3002,CHILD-PREMIUM, 285 , 30 ,11%,????????? ????? ,Pharmacy 50,Mohamed,Riyadh,Middle Region,Street,
Jan-25,4347,3003,PERSONAL CARE, 42 , 27 ,64%,????????? ????? ,Pharmacy 50,Mohamed,Riyadh,Middle Region,Street,
Jan-25,4347,3004,HEALTHY AND DIET FOOD, 393 , 233 ,59%,????????? ????? ,Pharmacy 50,Mohamed,Riyadh,Middle Region,Street,
Jan-25,4347,3201,DECLARE, 237 , 197 ,83%,????????? ????? ,Pharmacy 50,Mohamed,Riyadh,Middle Region,Street,
Jan-25,4289,1001,MEDCINE," 31,900 "," 11,903 ",37%,????? ???? ???? ????,Pharmacy 50,Mohamed,Riyadh,Middle Region,Street,
Jan-25,4289,1002,ANTIBIOTIC," 4,858 "," 2,414 ",50%,????? ???? ???? ????,Pharmacy 50,Mohamed,Riyadh,Middle Region,Street,
Jan-25,4289,1003,ZERO BOUNS," 13,511 "," 2,152 ",16%,????? ???? ???? ????,Pharmacy 50,Mohamed,Riyadh,Middle Region,Street,
Jan-25,4289,1004,MULTI VITAMIN AND HERBS," 5,255 "," 1,871 ",36%,????? ???? ???? ????,Pharmacy 50,Mohamed,Riyadh,Middle Region,Street,
Jan-25,4289,1005,MEDCINE SP ITEMS, 866 , (66),-8%,????? ???? ???? ????,Pharmacy 50,Mohamed,Riyadh,Middle Region,Street,
Jan-25,4289,1211,MILK POWDER," 9,170 "," 1,064 ",12%,????? ???? ???? ????,Pharmacy 50,Mohamed,Riyadh,Middle Region,Street,
Jan-25,4289,2001,FOOD SUPLEMENTS, 323 , 111 ,34%,????? ???? ???? ????,Pharmacy 50,Mohamed,Riyadh,Middle Region,Street,
Jan-25,4289,2002,CHILD CARE," 1,069 ", 462 ,43%,????? ???? ???? ????,Pharmacy 50,Mohamed,Riyadh,Middle Region,Street,
Jan-25,4289,2003,HAIR CARE," 1,123 ", 287 ,26%,????? ???? ???? ????,Pharmacy 50,Mohamed,Riyadh,Middle Region,Street,
Jan-25,4289,2004,HAIR COLORANTS, 365 , 81 ,22%,????? ???? ???? ????,Pharmacy 50,Mohamed,Riyadh,Middle Region,Street,
Jan-25,4289,2005,MOUTH AND TEETH CARE," 1,138 ", 503 ,44%,????? ???? ???? ????,Pharmacy 50,Mohamed,Riyadh,Middle Region,Street,
Jan-25,4289,2006,SKIN CARE," 3,703 ", 924 ,25%,????? ???? ???? ????,Pharmacy 50,Mohamed,Riyadh,Middle Region,Street,
Jan-25,4289,2007,MEDICAL APPLIANCES," 6,184 "," 2,322 ",38%,????? ???? ???? ????,Pharmacy 50,Mohamed,Riyadh,Middle Region,Street,
Jan-25,4289,2221,KIDS DIAPERS," 3,181 ", 393 ,12%,????? ???? ???? ????,Pharmacy 50,Mohamed,Riyadh,Middle Region,Street,
Jan-25,4289,2222,FEMALES DIAPERS, 748 , 159 ,21%,????? ???? ???? ????,Pharmacy 50,Mohamed,Riyadh,Middle Region,Street,
Jan-25,4289,2223,ADULT DIAPERS, 821 , 116 ,14%,????? ???? ???? ????,Pharmacy 50,Mohamed,Riyadh,Middle Region,Street,
Jan-25,4289,3001,PREMIUM," 1,256 ", 549 ,44%,????? ???? ???? ????,Pharmacy 50,Mohamed,Riyadh,Middle Region,Street,
Jan-25,4289,3002,CHILD-PREMIUM, 94 , 5 ,5%,????? ???? ???? ????,Pharmacy 50,Mohamed,Riyadh,Middle Region,Street,
Jan-25,4289,3003,PERSONAL CARE, 42 , 27 ,64%,????? ???? ???? ????,Pharmacy 50,Mohamed,Riyadh,Middle Region,Street,
Jan-25,4289,3004,HEALTHY AND DIET FOOD, 55 , 19 ,34%,????? ???? ???? ????,Pharmacy 50,Mohamed,Riyadh,Middle Region,Street,
Jan-25,4300,1001,MEDCINE, 346 , 189 ,55%,???? ??????,Pharmacy 50,Mohamed,Riyadh,Middle Region,Street,
Jan-25,4300,1002,ANTIBIOTIC, 40 , 24 ,60%,???? ??????,Pharmacy 50,Mohamed,Riyadh,Middle Region,Street,
Jan-25,4300,1003,ZERO BOUNS, 149 , 30 ,20%,???? ??????,Pharmacy 50,Mohamed,Riyadh,Middle Region,Street,
Jan-25,4300,1004,MULTI VITAMIN AND HERBS, 22 , 7 ,31%,???? ??????,Pharmacy 50,Mohamed,Riyadh,Middle Region,Street,
Jan-25,4300,1211,MILK POWDER, 380 , 21 ,6%,???? ??????,Pharmacy 50,Mohamed,Riyadh,Middle Region,Street,
Jan-25,4300,2001,FOOD SUPLEMENTS, 5 , 2 ,30%,???? ??????,Pharmacy 50,Mohamed,Riyadh,Middle Region,Street,
Jan-25,4300,2002,CHILD CARE, 94 , 31 ,33%,???? ??????,Pharmacy 50,Mohamed,Riyadh,Middle Region,Street,
Jan-25,4300,2004,HAIR COLORANTS, 19 , 6 ,30%,???? ??????,Pharmacy 50,Mohamed,Riyadh,Middle Region,Street,
Jan-25,4300,2006,SKIN CARE, 110 , 10 ,9%,???? ??????,Pharmacy 50,Mohamed,Riyadh,Middle Region,Street,
Jan-25,4300,2007,MEDICAL APPLIANCES, 12 , 7 ,58%,???? ??????,Pharmacy 50,Mohamed,Riyadh,Middle Region,Street,
Jan-25,4300,2221,KIDS DIAPERS, 523 , 61 ,12%,???? ??????,Pharmacy 50,Mohamed,Riyadh,Middle Region,Street,
Jan-25,4300,2222,FEMALES DIAPERS, 56 , 10 ,19%,???? ??????,Pharmacy 50,Mohamed,Riyadh,Middle Region,Street,
Jan-25,4300,3001,PREMIUM, 5 , 2 ,43%,???? ??????,Pharmacy 50,Mohamed,Riyadh,Middle Region,Street,
Jan-25,4300,3002,CHILD-PREMIUM, 64 , 27 ,43%,???? ??????,Pharmacy 50,Mohamed,Riyadh,Middle Region,Street,
Jan-25,4347,1001,MEDCINE," 26,411 "," 11,454 ",43%,????????? ????? ,Pharmacy 50,Mohamed,Riyadh,Middle Region,Street,
Jan-25,4347,1002,ANTIBIOTIC," 4,602 "," 2,361 ",51%,????????? ????? ,Pharmacy 50,Mohamed,Riyadh,Middle Region,Street,
Jan-25,4347,1003,ZERO BOUNS," 11,050 "," 2,286 ",21%,????????? ????? ,Pharmacy 50,Mohamed,Riyadh,Middle Region,Street,
Jan-25,4347,1004,MULTI VITAMIN AND HERBS," 4,819 "," 2,120 ",44%,????????? ????? ,Pharmacy 50,Mohamed,Riyadh,Middle Region,Street,
Jan-25,4347,1005,MEDCINE SP ITEMS," 1,788 ", 301 ,17%,????????? ????? ,Pharmacy 50,Mohamed,Riyadh,Middle Region,Street,
Jan-25,4347,1211,MILK POWDER," 9,290 "," 1,022 ",11%,????????? ????? ,Pharmacy 50,Mohamed,Riyadh,Middle Region,Street,
Jan-25,4347,2001,FOOD SUPLEMENTS, 294 , 101 ,34%,????????? ????? ,Pharmacy 50,Mohamed,Riyadh,Middle Region,Street,
Jan-25,4347,2002,CHILD CARE," 1,194 ", 565 ,47%,????????? ????? ,Pharmacy 50,Mohamed,Riyadh,Middle Region,Street,
Jan-25,4347,2003,HAIR CARE, 910 , 204 ,22%,????????? ????? ,Pharmacy 50,Mohamed,Riyadh,Middle Region,Street,
Jan-25,4347,2004,HAIR COLORANTS, 360 , 84 ,23%,????????? ????? ,Pharmacy 50,Mohamed,Riyadh,Middle Region,Street,
Jan-25,4347,2005,MOUTH AND TEETH CARE," 1,488 ", 628 ,42%,????????? ????? ,Pharmacy 50,Mohamed,Riyadh,Middle Region,Street,
Jan-25,4347,2006,SKIN CARE," 3,853 "," 1,020 ",26%,????????? ????? ,Pharmacy 50,Mohamed,Riyadh,Middle Region,Street,
Jan-25,4347,2007,MEDICAL APPLIANCES," 5,106 "," 2,828 ",55%,????????? ????? ,Pharmacy 50,Mohamed,Riyadh,Middle Region,Street,
Jan-25,4347,2221,KIDS DIAPERS," 1,879 ", 213 ,11%,????????? ????? ,Pharmacy 50,Mohamed,Riyadh,Middle Region,Street,
Jan-25,4347,2222,FEMALES DIAPERS, 573 , 147 ,26%,????????? ????? ,Pharmacy 50,Mohamed,Riyadh,Middle Region,Street,
Jan-25,4347,2223,ADULT DIAPERS, 543 , 75 ,14%,????????? ????? ,Pharmacy 50,Mohamed,Riyadh,Middle Region,Street,
Jan-25,4347,3001,PREMIUM, 813 , 319 ,39%,????????? ????? ,Pharmacy 50,Mohamed,Riyadh,Middle Region,Street,
Jan-25,4347,3002,CHILD-PREMIUM, 285 , 30 ,11%,????????? ????? ,Pharmacy 50,Mohamed,Riyadh,Middle Region,Street,
Jan-25,4347,3003,PERSONAL CARE, 42 , 27 ,64%,????????? ????? ,Pharmacy 50,Mohamed,Riyadh,Middle Region,Street,
Jan-25,4347,3004,HEALTHY AND DIET FOOD, 393 , 233 ,59%,????????? ????? ,Pharmacy 50,Mohamed,Riyadh,Middle Region,Street,
Jan-25,4347,3201,DECLARE, 237 , 197 ,83%,????????? ????? ,Pharmacy 50,Mohamed,Riyadh,Middle Region,Street,
Jan-25,4289,1001,MEDCINE," 31,900 "," 11,903 ",37%,????? ???? ???? ????,Pharmacy 50,Mohamed,Riyadh,Middle Region,Street,
Jan-25,4289,1002,ANTIBIOTIC," 4,858 "," 2,414 ",50%,????? ???? ???? ????,Pharmacy 50,Mohamed,Riyadh,Middle Region,Street,
Jan-25,4289,1003,ZERO BOUNS," 13,511 "," 2,152 ",16%,????? ???? ???? ????,Pharmacy 50,Mohamed,Riyadh,Middle Region,Street,
Jan-25,4289,1004,MULTI VITAMIN AND HERBS," 5,255 "," 1,871 ",36%,????? ???? ???? ????,Pharmacy 50,Mohamed,Riyadh,Middle Region,Street,
Jan-25,4289,1005,MEDCINE SP ITEMS, 866 , (66),-8%,????? ???? ???? ????,Pharmacy 50,Mohamed,Riyadh,Middle Region,Street,
Jan-25,4289,1211,MILK POWDER," 9,170 "," 1,064 ",12%,????? ???? ???? ????,Pharmacy 50,Mohamed,Riyadh,Middle Region,Street,
Jan-25,4289,2001,FOOD SUPLEMENTS, 323 , 111 ,34%,????? ???? ???? ????,Pharmacy 50,Mohamed,Riyadh,Middle Region,Street,
Jan-25,4289,2002,CHILD CARE," 1,069 ", 462 ,43%,????? ???? ???? ????,Pharmacy 50,Mohamed,Riyadh,Middle Region,Street,
Jan-25,4289,2003,HAIR CARE," 1,123 ", 287 ,26%,????? ???? ???? ????,Pharmacy 50,Mohamed,Riyadh,Middle Region,Street,
Jan-25,4289,2004,HAIR COLORANTS, 365 , 81 ,22%,????? ???? ???? ????,Pharmacy 50,Mohamed,Riyadh,Middle Region,Street,
Jan-25,4289,2005,MOUTH AND TEETH CARE," 1,138 ", 503 ,44%,????? ???? ???? ????,Pharmacy 50,Mohamed,Riyadh,Middle Region,Street,
Jan-25,4289,2006,SKIN CARE," 3,703 ", 924 ,25%,????? ???? ???? ????,Pharmacy 50,Mohamed,Riyadh,Middle Region,Street,
Jan-25,4289,2007,MEDICAL APPLIANCES," 6,184 "," 2,322 ",38%,????? ???? ???? ????,Pharmacy 50,Mohamed,Riyadh,Middle Region,Street,
Jan-25,4289,2221,KIDS DIAPERS," 3,181 ", 393 ,12%,????? ???? ???? ????,Pharmacy 50,Mohamed,Riyadh,Middle Region,Street,
Jan-25,4289,2222,FEMALES DIAPERS, 748 , 159 ,21%,????? ???? ???? ????,Pharmacy 50,Mohamed,Riyadh,Middle Region,Street,
Jan-25,4289,2223,ADULT DIAPERS, 821 , 116 ,14%,????? ???? ???? ????,Pharmacy 50,Mohamed,Riyadh,Middle Region,Street,
Jan-25,4289,3001,PREMIUM," 1,256 ", 549 ,44%,????? ???? ???? ????,Pharmacy 50,Mohamed,Riyadh,Middle Region,Street,
Jan-25,4289,3002,CHILD-PREMIUM, 94 , 5 ,5%,????? ???? ???? ????,Pharmacy 50,Mohamed,Riyadh,Middle Region,Street,
Jan-25,4289,3003,PERSONAL CARE, 42 , 27 ,64%,????? ???? ???? ????,Pharmacy 50,Mohamed,Riyadh,Middle Region,Street,
Jan-25,4289,3004,HEALTHY AND DIET FOOD, 55 , 19 ,34%,????? ???? ???? ????,Pharmacy 50,Mohamed,Riyadh,Middle Region,Street,
Jan-25,4300,1001,MEDCINE, 346 , 189 ,55%,???? ??????,Pharmacy 50,Mohamed,Riyadh,Middle Region,Street,
Jan-25,4300,1002,ANTIBIOTIC, 40 , 24 ,60%,???? ??????,Pharmacy 50,Mohamed,Riyadh,Middle Region,Street,
Jan-25,4300,1003,ZERO BOUNS, 149 , 30 ,20%,???? ??????,Pharmacy 50,Mohamed,Riyadh,Middle Region,Street,
Jan-25,4300,1004,MULTI VITAMIN AND HERBS, 22 , 7 ,31%,???? ??????,Pharmacy 50,Mohamed,Riyadh,Middle Region,Street,
Jan-25,4300,1211,MILK POWDER, 380 , 21 ,6%,???? ??????,Pharmacy 50,Mohamed,Riyadh,Middle Region,Street,
Jan-25,4300,2001,FOOD SUPLEMENTS, 5 , 2 ,30%,???? ??????,Pharmacy 50,Mohamed,Riyadh,Middle Region,Street,
Jan-25,4300,2002,CHILD CARE, 94 , 31 ,33%,???? ??????,Pharmacy 50,Mohamed,Riyadh,Middle Region,Street,
Jan-25,4300,2004,HAIR COLORANTS, 19 , 6 ,30%,???? ??????,Pharmacy 50,Mohamed,Riyadh,Middle Region,Street,
Jan-25,4300,2006,SKIN CARE, 110 , 10 ,9%,???? ??????,Pharmacy 50,Mohamed,Riyadh,Middle Region,Street,
Jan-25,4300,2007,MEDICAL APPLIANCES, 12 , 7 ,58%,???? ??????,Pharmacy 50,Mohamed,Riyadh,Middle Region,Street,
Jan-25,4300,2221,KIDS DIAPERS, 523 , 61 ,12%,???? ??????,Pharmacy 50,Mohamed,Riyadh,Middle Region,Street,
Jan-25,4300,2222,FEMALES DIAPERS, 56 , 10 ,19%,???? ??????,Pharmacy 50,Mohamed,Riyadh,Middle Region,Street,
Jan-25,4300,3001,PREMIUM, 5 , 2 ,43%,???? ??????,Pharmacy 50,Mohamed,Riyadh,Middle Region,Street,
Jan-25,4300,3002,CHILD-PREMIUM, 64 , 27 ,43%,???? ??????,Pharmacy 50,Mohamed,Riyadh,Middle Region,Street,
Jan-25,4347,1001,MEDCINE," 26,411 "," 11,454 ",43%,????????? ????? ,Pharmacy 50,Mohamed,Riyadh,Middle Region,Street,
Jan-25,4347,1002,ANTIBIOTIC," 4,602 "," 2,361 ",51%,????????? ????? ,Pharmacy 50,Mohamed,Riyadh,Middle Region,Street,
Jan-25,4347,1003,ZERO BOUNS," 11,050 "," 2,286 ",21%,????????? ????? ,Pharmacy 50,Mohamed,Riyadh,Middle Region,Street,
Jan-25,4347,1004,MULTI VITAMIN AND HERBS," 4,819 "," 2,120 ",44%,????????? ????? ,Pharmacy 50,Mohamed,Riyadh,Middle Region,Street,
Jan-25,4347,1005,MEDCINE SP ITEMS," 1,788 ", 301 ,17%,????????? ????? ,Pharmacy 50,Mohamed,Riyadh,Middle Region,Street,
Jan-25,4347,1211,MILK POWDER," 9,290 "," 1,022 ",11%,????????? ????? ,Pharmacy 50,Mohamed,Riyadh,Middle Region,Street,
Jan-25,4347,2001,FOOD SUPLEMENTS, 294 , 101 ,34%,????????? ????? ,Pharmacy 50,Mohamed,Riyadh,Middle Region,Street,
Jan-25,4347,2002,CHILD CARE," 1,194 ", 565 ,47%,????????? ????? ,Pharmacy 50,Mohamed,Riyadh,Middle Region,Street,
Jan-25,4347,2003,HAIR CARE, 910 , 204 ,22%,????????? ????? ,Pharmacy 50,Mohamed,Riyadh,Middle Region,Street,
Jan-25,4347,2004,HAIR COLORANTS, 360 , 84 ,23%,????????? ????? ,Pharmacy 50,Mohamed,Riyadh,Middle Region,Street,
Jan-25,4347,2005,MOUTH AND TEETH CARE," 1,488 ", 628 ,42%,????????? ????? ,Pharmacy 50,Mohamed,Riyadh,Middle Region,Street,
Jan-25,4347,2006,SKIN CARE," 3,853 "," 1,020 ",26%,????????? ????? ,Pharmacy 50,Mohamed,Riyadh,Middle Region,Street,
Jan-25,4347,2007,MEDICAL APPLIANCES," 5,106 "," 2,828 ",55%,????????? ????? ,Pharmacy 50,Mohamed,Riyadh,Middle Region,Street,
Jan-25,4347,2221,KIDS DIAPERS," 1,879 ", 213 ,11%,????????? ????? ,Pharmacy 50,Mohamed,Riyadh,Middle Region,Street,
Jan-25,4347,2222,FEMALES DIAPERS, 573 , 147 ,26%,????????? ????? ,Pharmacy 50,Mohamed,Riyadh,Middle Region,Street,
Jan-25,4347,2223,ADULT DIAPERS, 543 , 75 ,14%,????????? ????? ,Pharmacy 50,Mohamed,Riyadh,Middle Region,Street,
Jan-25,4347,3001,PREMIUM, 813 , 319 ,39%,????????? ????? ,Pharmacy 50,Mohamed,Riyadh,Middle Region,Street,
Jan-25,4347,3002,CHILD-PREMIUM, 285 , 30 ,11%,????????? ????? ,Pharmacy 50,Mohamed,Riyadh,Middle Region,Street,
Jan-25,4347,3003,PERSONAL CARE, 42 , 27 ,64%,????????? ????? ,Pharmacy 50,Mohamed,Riyadh,Middle Region,Street,
Jan-25,4347,3004,HEALTHY AND DIET FOOD, 393 , 233 ,59%,????????? ????? ,Pharmacy 50,Mohamed,Riyadh,Middle Region,Street,
Jan-25,4347,3201,DECLARE, 237 , 197 ,83%,????????? ????? ,Pharmacy 50,Mohamed,Riyadh,Middle Region,Street,
Jan-25,4072,1001,MEDCINE," 53,996 "," 23,442 ",43%,???? ????? ???? ,Pharmacy 51,Mohamed,Riyadh,Middle Region,Street,
Jan-25,4072,1002,ANTIBIOTIC," 4,667 "," 2,283 ",49%,???? ????? ???? ,Pharmacy 51,Mohamed,Riyadh,Middle Region,Street,
Jan-25,4072,1003,ZERO BOUNS," 32,052 "," 6,290 ",20%,???? ????? ???? ,Pharmacy 51,Mohamed,Riyadh,Middle Region,Street,
Jan-25,4072,1004,MULTI VITAMIN AND HERBS," 14,289 "," 5,953 ",42%,???? ????? ???? ,Pharmacy 51,Mohamed,Riyadh,Middle Region,Street,
Jan-25,4072,1005,MEDCINE SP ITEMS," 3,199 ", 471 ,15%,???? ????? ???? ,Pharmacy 51,Mohamed,Riyadh,Middle Region,Street,
Jan-25,4072,1211,MILK POWDER," 6,596 ", 754 ,11%,???? ????? ???? ,Pharmacy 51,Mohamed,Riyadh,Middle Region,Street,
Jan-25,4072,2001,FOOD SUPLEMENTS, 469 , 157 ,33%,???? ????? ???? ,Pharmacy 51,Mohamed,Riyadh,Middle Region,Street,
Jan-25,4072,2002,CHILD CARE," 1,628 ", 550 ,34%,???? ????? ???? ,Pharmacy 51,Mohamed,Riyadh,Middle Region,Street,
Jan-25,4072,2003,HAIR CARE," 1,899 ", 533 ,28%,???? ????? ???? ,Pharmacy 51,Mohamed,Riyadh,Middle Region,Street,
Jan-25,4072,2004,HAIR COLORANTS," 1,610 ", 262 ,16%,???? ????? ???? ,Pharmacy 51,Mohamed,Riyadh,Middle Region,Street,
Jan-25,4072,2005,MOUTH AND TEETH CARE," 4,107 "," 1,508 ",37%,???? ????? ???? ,Pharmacy 51,Mohamed,Riyadh,Middle Region,Street,
Jan-25,4072,2006,SKIN CARE," 8,383 "," 2,517 ",30%,???? ????? ???? ,Pharmacy 51,Mohamed,Riyadh,Middle Region,Street,
Jan-25,4072,2007,MEDICAL APPLIANCES," 7,682 "," 3,878 ",50%,???? ????? ???? ,Pharmacy 51,Mohamed,Riyadh,Middle Region,Street,
Jan-25,4072,2221,KIDS DIAPERS," 3,965 ", 541 ,14%,???? ????? ???? ,Pharmacy 51,Mohamed,Riyadh,Middle Region,Street,
Jan-25,4072,2222,FEMALES DIAPERS," 2,631 ", 429 ,16%,???? ????? ???? ,Pharmacy 51,Mohamed,Riyadh,Middle Region,Street,
Jan-25,4072,2223,ADULT DIAPERS, 711 , 105 ,15%,???? ????? ???? ,Pharmacy 51,Mohamed,Riyadh,Middle Region,Street,
Jan-25,4072,3001,PREMIUM," 3,530 "," 1,620 ",46%,???? ????? ???? ,Pharmacy 51,Mohamed,Riyadh,Middle Region,Street,
Jan-25,4072,3002,CHILD-PREMIUM, 140 , 60 ,43%,???? ????? ???? ,Pharmacy 51,Mohamed,Riyadh,Middle Region,Street,
Jan-25,4072,3003,PERSONAL CARE, 344 , 154 ,45%,???? ????? ???? ,Pharmacy 51,Mohamed,Riyadh,Middle Region,Street,
Jan-25,4072,3004,HEALTHY AND DIET FOOD, 12 , 4 ,38%,???? ????? ???? ,Pharmacy 51,Mohamed,Riyadh,Middle Region,Street,
Jan-25,4072,3005,MAKE-UP, 485 , 188 ,39%,???? ????? ???? ,Pharmacy 51,Mohamed,Riyadh,Middle Region,Street,
Jan-25,4072,3201,DECLARE, 731 , 579 ,79%,???? ????? ???? ,Pharmacy 51,Mohamed,Riyadh,Middle Region,Street,
Jan-25,4271,1001,MEDCINE," 55,355 "," 21,705 ",39%,??? ???? ????,Pharmacy 51,Mohamed,Riyadh,Middle Region,Street,
Jan-25,4271,1002,ANTIBIOTIC," 4,089 "," 2,062 ",50%,??? ???? ????,Pharmacy 51,Mohamed,Riyadh,Middle Region,Street,
Jan-25,4271,1003,ZERO BOUNS," 31,215 "," 6,407 ",21%,??? ???? ????,Pharmacy 51,Mohamed,Riyadh,Middle Region,Street,
Jan-25,4271,1004,MULTI VITAMIN AND HERBS," 17,284 "," 8,326 ",48%,??? ???? ????,Pharmacy 51,Mohamed,Riyadh,Middle Region,Street,
Jan-25,4271,1005,MEDCINE SP ITEMS," 4,860 ", 378 ,8%,??? ???? ????,Pharmacy 51,Mohamed,Riyadh,Middle Region,Street,
Jan-25,4271,1211,MILK POWDER," 6,775 ", 745 ,11%,??? ???? ????,Pharmacy 51,Mohamed,Riyadh,Middle Region,Street,
Jan-25,4271,2001,FOOD SUPLEMENTS, 396 , 136 ,34%,??? ???? ????,Pharmacy 51,Mohamed,Riyadh,Middle Region,Street,
Jan-25,4271,2002,CHILD CARE," 1,604 ", 520 ,32%,??? ???? ????,Pharmacy 51,Mohamed,Riyadh,Middle Region,Street,
Jan-25,4271,2003,HAIR CARE," 2,433 ", 594 ,24%,??? ???? ????,Pharmacy 51,Mohamed,Riyadh,Middle Region,Street,
Jan-25,4271,2004,HAIR COLORANTS," 1,471 ", 293 ,20%,??? ???? ????,Pharmacy 51,Mohamed,Riyadh,Middle Region,Street,
Jan-25,4271,2005,MOUTH AND TEETH CARE," 4,083 "," 1,583 ",39%,??? ???? ????,Pharmacy 51,Mohamed,Riyadh,Middle Region,Street,
Jan-25,4271,2006,SKIN CARE," 7,535 "," 2,125 ",28%,??? ???? ????,Pharmacy 51,Mohamed,Riyadh,Middle Region,Street,
Jan-25,4271,2007,MEDICAL APPLIANCES," 10,558 "," 5,380 ",51%,??? ???? ????,Pharmacy 51,Mohamed,Riyadh,Middle Region,Street,
Jan-25,4271,2221,KIDS DIAPERS," 3,239 ", 435 ,13%,??? ???? ????,Pharmacy 51,Mohamed,Riyadh,Middle Region,Street,
Jan-25,4271,2222,FEMALES DIAPERS," 2,353 ", 469 ,20%,??? ???? ????,Pharmacy 51,Mohamed,Riyadh,Middle Region,Street,
Jan-25,4271,2223,ADULT DIAPERS, 594 , 103 ,17%,??? ???? ????,Pharmacy 51,Mohamed,Riyadh,Middle Region,Street,
Jan-25,4271,3001,PREMIUM," 5,264 "," 2,339 ",44%,??? ???? ????,Pharmacy 51,Mohamed,Riyadh,Middle Region,Street,
Jan-25,4271,3002,CHILD-PREMIUM, 72 , 50 ,70%,??? ???? ????,Pharmacy 51,Mohamed,Riyadh,Middle Region,Street,
Jan-25,4271,3003,PERSONAL CARE, 40 , 24 ,60%,??? ???? ????,Pharmacy 51,Mohamed,Riyadh,Middle Region,Street,
Jan-25,4271,3004,HEALTHY AND DIET FOOD, 228 , 133 ,58%,??? ???? ????,Pharmacy 51,Mohamed,Riyadh,Middle Region,Street,
Jan-25,4271,3005,MAKE-UP, 455 , 189 ,42%,??? ???? ????,Pharmacy 51,Mohamed,Riyadh,Middle Region,Street,
Jan-25,4271,3201,DECLARE," 1,022 ", 868 ,85%,??? ???? ????,Pharmacy 51,Mohamed,Riyadh,Middle Region,Street,
Jan-25,4105,1001,MEDCINE," 37,234 "," 18,029 ",48%,Magdy Ahmed,Pharmacy 52,Mohamed,Riyadh,Middle Region,Street,
Jan-25,4105,1002,ANTIBIOTIC," 4,790 "," 2,466 ",51%,Magdy Ahmed,Pharmacy 52,Mohamed,Riyadh,Middle Region,Street,
Jan-25,4105,1003,ZERO BOUNS," 18,546 "," 4,878 ",26%,Magdy Ahmed,Pharmacy 52,Mohamed,Riyadh,Middle Region,Street,
Jan-25,4105,1004,MULTI VITAMIN AND HERBS," 10,186 "," 4,907 ",48%,Magdy Ahmed,Pharmacy 52,Mohamed,Riyadh,Middle Region,Street,
Jan-25,4105,1005,MEDCINE SP ITEMS," 2,370 ", 185 ,8%,Magdy Ahmed,Pharmacy 52,Mohamed,Riyadh,Middle Region,Street,
Jan-25,4105,1211,MILK POWDER," 3,903 ", 359 ,9%,Magdy Ahmed,Pharmacy 52,Mohamed,Riyadh,Middle Region,Street,
Jan-25,4105,2001,FOOD SUPLEMENTS, 352 , 127 ,36%,Magdy Ahmed,Pharmacy 52,Mohamed,Riyadh,Middle Region,Street,
Jan-25,4105,2002,CHILD CARE, 754 , 228 ,30%,Magdy Ahmed,Pharmacy 52,Mohamed,Riyadh,Middle Region,Street,
Jan-25,4105,2003,HAIR CARE," 1,180 ", 316 ,27%,Magdy Ahmed,Pharmacy 52,Mohamed,Riyadh,Middle Region,Street,
Jan-25,4105,2004,HAIR COLORANTS," 1,533 ", 291 ,19%,Magdy Ahmed,Pharmacy 52,Mohamed,Riyadh,Middle Region,Street,
Jan-25,4105,2005,MOUTH AND TEETH CARE," 2,918 "," 1,131 ",39%,Magdy Ahmed,Pharmacy 52,Mohamed,Riyadh,Middle Region,Street,
Jan-25,4105,2006,SKIN CARE," 6,049 "," 1,714 ",28%,Magdy Ahmed,Pharmacy 52,Mohamed,Riyadh,Middle Region,Street,
Jan-25,4105,2007,MEDICAL APPLIANCES," 10,641 "," 5,844 ",55%,Magdy Ahmed,Pharmacy 52,Mohamed,Riyadh,Middle Region,Street,
Jan-25,4105,2221,KIDS DIAPERS," 1,992 ", 329 ,16%,Magdy Ahmed,Pharmacy 52,Mohamed,Riyadh,Middle Region,Street,
Jan-25,4105,2222,FEMALES DIAPERS," 1,878 ", 350 ,19%,Magdy Ahmed,Pharmacy 52,Mohamed,Riyadh,Middle Region,Street,
Jan-25,4105,2223,ADULT DIAPERS, 234 , 28 ,12%,Magdy Ahmed,Pharmacy 52,Mohamed,Riyadh,Middle Region,Street,
Jan-25,4105,3001,PREMIUM," 4,947 "," 2,304 ",47%,Magdy Ahmed,Pharmacy 52,Mohamed,Riyadh,Middle Region,Street,
Jan-25,4105,3002,CHILD-PREMIUM, 160 , 112 ,70%,Magdy Ahmed,Pharmacy 52,Mohamed,Riyadh,Middle Region,Street,
Jan-25,4105,3003,PERSONAL CARE, 26 , 15 ,58%,Magdy Ahmed,Pharmacy 52,Mohamed,Riyadh,Middle Region,Street,
Jan-25,4105,3004,HEALTHY AND DIET FOOD, 104 , 59 ,57%,Magdy Ahmed,Pharmacy 52,Mohamed,Riyadh,Middle Region,Street,
Jan-25,4105,3005,MAKE-UP, 117 , 32 ,28%,Magdy Ahmed,Pharmacy 52,Mohamed,Riyadh,Middle Region,Street,
Jan-25,4105,3201,DECLARE," 1,084 ", 892 ,82%,Magdy Ahmed,Pharmacy 52,Mohamed,Riyadh,Middle Region,Street,
Jan-25,4309,1001,MEDCINE," 33,170 "," 14,543 ",44%,????? ???????,Pharmacy 52,Mohamed,Riyadh,Middle Region,Street,
Jan-25,4309,1002,ANTIBIOTIC," 4,446 "," 2,349 ",53%,????? ???????,Pharmacy 52,Mohamed,Riyadh,Middle Region,Street,
Jan-25,4309,1003,ZERO BOUNS," 17,267 "," 3,045 ",18%,????? ???????,Pharmacy 52,Mohamed,Riyadh,Middle Region,Street,
Jan-25,4309,1004,MULTI VITAMIN AND HERBS," 9,652 "," 4,531 ",47%,????? ???????,Pharmacy 52,Mohamed,Riyadh,Middle Region,Street,
Jan-25,4309,1005,MEDCINE SP ITEMS," 1,627 ", 220 ,13%,????? ???????,Pharmacy 52,Mohamed,Riyadh,Middle Region,Street,
Jan-25,4309,1211,MILK POWDER," 3,570 ", 359 ,10%,????? ???????,Pharmacy 52,Mohamed,Riyadh,Middle Region,Street,
Jan-25,4309,2001,FOOD SUPLEMENTS, 316 , 110 ,35%,????? ???????,Pharmacy 52,Mohamed,Riyadh,Middle Region,Street,
Jan-25,4309,2002,CHILD CARE," 1,139 ", 391 ,34%,????? ???????,Pharmacy 52,Mohamed,Riyadh,Middle Region,Street,
Jan-25,4309,2003,HAIR CARE," 1,487 ", 378 ,25%,????? ???????,Pharmacy 52,Mohamed,Riyadh,Middle Region,Street,
Jan-25,4309,2004,HAIR COLORANTS," 1,201 ", 262 ,22%,????? ???????,Pharmacy 52,Mohamed,Riyadh,Middle Region,Street,
Jan-25,4309,2005,MOUTH AND TEETH CARE," 2,816 "," 1,275 ",45%,????? ???????,Pharmacy 52,Mohamed,Riyadh,Middle Region,Street,
Jan-25,4309,2006,SKIN CARE," 4,391 "," 1,268 ",29%,????? ???????,Pharmacy 52,Mohamed,Riyadh,Middle Region,Street,
Jan-25,4309,2007,MEDICAL APPLIANCES," 5,939 "," 2,356 ",40%,????? ???????,Pharmacy 52,Mohamed,Riyadh,Middle Region,Street,
Jan-25,4309,2221,KIDS DIAPERS," 2,397 ", 340 ,14%,????? ???????,Pharmacy 52,Mohamed,Riyadh,Middle Region,Street,
Jan-25,4309,2222,FEMALES DIAPERS," 1,582 ", 303 ,19%,????? ???????,Pharmacy 52,Mohamed,Riyadh,Middle Region,Street,
Jan-25,4309,2223,ADULT DIAPERS, 242 , 49 ,20%,????? ???????,Pharmacy 52,Mohamed,Riyadh,Middle Region,Street,
Jan-25,4309,3001,PREMIUM," 2,914 "," 1,309 ",45%,????? ???????,Pharmacy 52,Mohamed,Riyadh,Middle Region,Street,
Jan-25,4309,3002,CHILD-PREMIUM, 62 , (9),-14%,????? ???????,Pharmacy 52,Mohamed,Riyadh,Middle Region,Street,
Jan-25,4309,3003,PERSONAL CARE, 356 , 137 ,38%,????? ???????,Pharmacy 52,Mohamed,Riyadh,Middle Region,Street,
Jan-25,4309,3005,MAKE-UP, 44 , 13 ,29%,????? ???????,Pharmacy 52,Mohamed,Riyadh,Middle Region,Street,
Jan-25,4309,3201,DECLARE, 115 , 97 ,84%,????? ???????,Pharmacy 52,Mohamed,Riyadh,Middle Region,Street,
Jan-25,4377,1001,MEDCINE," 1,489 ", 533 ,36%,???? ?????? ,Pharmacy 53,Mohamed,Riyadh,Middle Region,Street,
Jan-25,4377,1002,ANTIBIOTIC, 94 , 26 ,28%,???? ?????? ,Pharmacy 53,Mohamed,Riyadh,Middle Region,Street,
Jan-25,4377,1003,ZERO BOUNS," 2,131 ", 492 ,23%,???? ?????? ,Pharmacy 53,Mohamed,Riyadh,Middle Region,Street,
Jan-25,4377,1004,MULTI VITAMIN AND HERBS, 644 , 383 ,59%,???? ?????? ,Pharmacy 53,Mohamed,Riyadh,Middle Region,Street,
Jan-25,4377,1005,MEDCINE SP ITEMS, 536 , 145 ,27%,???? ?????? ,Pharmacy 53,Mohamed,Riyadh,Middle Region,Street,
Jan-25,4377,1211,MILK POWDER, 194 , 24 ,12%,???? ?????? ,Pharmacy 53,Mohamed,Riyadh,Middle Region,Street,
Jan-25,4377,2001,FOOD SUPLEMENTS, 28 , 12 ,42%,???? ?????? ,Pharmacy 53,Mohamed,Riyadh,Middle Region,Street,
Jan-25,4377,2002,CHILD CARE, 88 , 37 ,42%,???? ?????? ,Pharmacy 53,Mohamed,Riyadh,Middle Region,Street,
Jan-25,4377,2003,HAIR CARE, 19 , 5 ,24%,???? ?????? ,Pharmacy 53,Mohamed,Riyadh,Middle Region,Street,
Jan-25,4377,2005,MOUTH AND TEETH CARE, 37 , 14 ,37%,???? ?????? ,Pharmacy 53,Mohamed,Riyadh,Middle Region,Street,
Jan-25,4377,2006,SKIN CARE, 83 , 24 ,28%,???? ?????? ,Pharmacy 53,Mohamed,Riyadh,Middle Region,Street,
Jan-25,4377,2007,MEDICAL APPLIANCES, 340 , 135 ,40%,???? ?????? ,Pharmacy 53,Mohamed,Riyadh,Middle Region,Street,
Jan-25,4377,2221,KIDS DIAPERS, 75 , 18 ,24%,???? ?????? ,Pharmacy 53,Mohamed,Riyadh,Middle Region,Street,
Jan-25,4377,2222,FEMALES DIAPERS, 30 , 5 ,17%,???? ?????? ,Pharmacy 53,Mohamed,Riyadh,Middle Region,Street,
Jan-25,4377,3002,CHILD-PREMIUM, 55 , 24 ,43%,???? ?????? ,Pharmacy 53,Mohamed,Riyadh,Middle Region,Street,
Jan-25,4550,1001,MEDCINE," 48,656 "," 19,875 ",41%,???? ???? ?????,Pharmacy 53,Mohamed,Riyadh,Middle Region,Street,
Jan-25,4550,1002,ANTIBIOTIC," 4,136 "," 1,761 ",43%,???? ???? ?????,Pharmacy 53,Mohamed,Riyadh,Middle Region,Street,
Jan-25,4550,1003,ZERO BOUNS," 17,619 "," 3,563 ",20%,???? ???? ?????,Pharmacy 53,Mohamed,Riyadh,Middle Region,Street,
Jan-25,4550,1004,MULTI VITAMIN AND HERBS," 16,198 "," 7,644 ",47%,???? ???? ?????,Pharmacy 53,Mohamed,Riyadh,Middle Region,Street,
Jan-25,4550,1005,MEDCINE SP ITEMS," 17,019 "," 3,574 ",21%,???? ???? ?????,Pharmacy 53,Mohamed,Riyadh,Middle Region,Street,
Jan-25,4550,1211,MILK POWDER," 2,752 ", 280 ,10%,???? ???? ?????,Pharmacy 53,Mohamed,Riyadh,Middle Region,Street,
Jan-25,4550,2001,FOOD SUPLEMENTS, 140 , 56 ,40%,???? ???? ?????,Pharmacy 53,Mohamed,Riyadh,Middle Region,Street,
Jan-25,4550,2002,CHILD CARE," 1,368 ", 429 ,31%,???? ???? ?????,Pharmacy 53,Mohamed,Riyadh,Middle Region,Street,
Jan-25,4550,2003,HAIR CARE, 719 , 125 ,17%,???? ???? ?????,Pharmacy 53,Mohamed,Riyadh,Middle Region,Street,
Jan-25,4550,2004,HAIR COLORANTS, 355 , 111 ,31%,???? ???? ?????,Pharmacy 53,Mohamed,Riyadh,Middle Region,Street,
Jan-25,4550,2005,MOUTH AND TEETH CARE," 1,836 ", 787 ,43%,???? ???? ?????,Pharmacy 53,Mohamed,Riyadh,Middle Region,Street,
Jan-25,4550,2006,SKIN CARE," 4,726 "," 1,403 ",30%,???? ???? ?????,Pharmacy 53,Mohamed,Riyadh,Middle Region,Street,
Jan-25,4550,2007,MEDICAL APPLIANCES," 9,105 "," 2,788 ",31%,???? ???? ?????,Pharmacy 53,Mohamed,Riyadh,Middle Region,Street,
Jan-25,4550,2221,KIDS DIAPERS," 1,424 ", 220 ,15%,???? ???? ?????,Pharmacy 53,Mohamed,Riyadh,Middle Region,Street,
Jan-25,4550,2222,FEMALES DIAPERS, 829 , 179 ,22%,???? ???? ?????,Pharmacy 53,Mohamed,Riyadh,Middle Region,Street,
Jan-25,4550,2223,ADULT DIAPERS, 234 , 48 ,21%,???? ???? ?????,Pharmacy 53,Mohamed,Riyadh,Middle Region,Street,
Jan-25,4550,3001,PREMIUM," 2,878 "," 1,595 ",55%,???? ???? ?????,Pharmacy 53,Mohamed,Riyadh,Middle Region,Street,
Jan-25,4550,3003,PERSONAL CARE, 60 , 35 ,58%,???? ???? ?????,Pharmacy 53,Mohamed,Riyadh,Middle Region,Street,
Jan-25,4550,3004,HEALTHY AND DIET FOOD, 160 , 90 ,56%,???? ???? ?????,Pharmacy 53,Mohamed,Riyadh,Middle Region,Street,
Jan-25,4550,3005,MAKE-UP, 12 , (4),-35%,???? ???? ?????,Pharmacy 53,Mohamed,Riyadh,Middle Region,Street,
Jan-25,4550,3201,DECLARE, 147 , 128 ,87%,???? ???? ?????,Pharmacy 53,Mohamed,Riyadh,Middle Region,Street,
Jan-25,4350,1001,MEDCINE," 30,847 "," 14,060 ",46%,???? ????,Pharmacy 54,Mohamed,Riyadh,Middle Region,Street,
Jan-25,4350,1002,ANTIBIOTIC," 2,783 "," 1,281 ",46%,???? ????,Pharmacy 54,Mohamed,Riyadh,Middle Region,Street,
Jan-25,4350,1003,ZERO BOUNS," 19,957 "," 3,985 ",20%,???? ????,Pharmacy 54,Mohamed,Riyadh,Middle Region,Street,
Jan-25,4350,1004,MULTI VITAMIN AND HERBS," 9,562 "," 4,878 ",51%,???? ????,Pharmacy 54,Mohamed,Riyadh,Middle Region,Street,
Jan-25,4350,1005,MEDCINE SP ITEMS," 3,107 ", (185),-6%,???? ????,Pharmacy 54,Mohamed,Riyadh,Middle Region,Street,
Jan-25,4350,1211,MILK POWDER," 5,867 ", 650 ,11%,???? ????,Pharmacy 54,Mohamed,Riyadh,Middle Region,Street,
Jan-25,4350,2001,FOOD SUPLEMENTS, 657 , 293 ,45%,???? ????,Pharmacy 54,Mohamed,Riyadh,Middle Region,Street,
Jan-25,4350,2002,CHILD CARE," 1,008 ", 368 ,37%,???? ????,Pharmacy 54,Mohamed,Riyadh,Middle Region,Street,
Jan-25,4350,2003,HAIR CARE," 1,487 ", 401 ,27%,???? ????,Pharmacy 54,Mohamed,Riyadh,Middle Region,Street,
Jan-25,4350,2004,HAIR COLORANTS," 1,123 ", 247 ,22%,???? ????,Pharmacy 54,Mohamed,Riyadh,Middle Region,Street,
Jan-25,4350,2005,MOUTH AND TEETH CARE," 2,840 "," 1,059 ",37%,???? ????,Pharmacy 54,Mohamed,Riyadh,Middle Region,Street,
Jan-25,4350,2006,SKIN CARE," 6,003 "," 1,997 ",33%,???? ????,Pharmacy 54,Mohamed,Riyadh,Middle Region,Street,
Jan-25,4350,2007,MEDICAL APPLIANCES," 10,093 "," 5,393 ",53%,???? ????,Pharmacy 54,Mohamed,Riyadh,Middle Region,Street,
Jan-25,4350,2221,KIDS DIAPERS," 2,743 ", 340 ,12%,???? ????,Pharmacy 54,Mohamed,Riyadh,Middle Region,Street,
Jan-25,4350,2222,FEMALES DIAPERS," 1,835 ", 359 ,20%,???? ????,Pharmacy 54,Mohamed,Riyadh,Middle Region,Street,
Jan-25,4350,2223,ADULT DIAPERS, 309 , 62 ,20%,???? ????,Pharmacy 54,Mohamed,Riyadh,Middle Region,Street,
Jan-25,4350,3001,PREMIUM," 4,960 "," 2,405 ",48%,???? ????,Pharmacy 54,Mohamed,Riyadh,Middle Region,Street,
Jan-25,4350,3003,PERSONAL CARE, 270 , 246 ,91%,???? ????,Pharmacy 54,Mohamed,Riyadh,Middle Region,Street,
Jan-25,4350,3004,HEALTHY AND DIET FOOD, 202 , 114 ,57%,???? ????,Pharmacy 54,Mohamed,Riyadh,Middle Region,Street,
Jan-25,4350,3005,MAKE-UP, 267 , 117 ,44%,???? ????,Pharmacy 54,Mohamed,Riyadh,Middle Region,Street,
Jan-25,4350,3201,DECLARE, 511 , 404 ,79%,???? ????,Pharmacy 54,Mohamed,Riyadh,Middle Region,Street,
Jan-25,4467,1001,MEDCINE," 39,813 "," 17,035 ",43%,???? ???? ????,Pharmacy 54,Mohamed,Riyadh,Middle Region,Street,
Jan-25,4467,1002,ANTIBIOTIC," 4,922 "," 2,206 ",45%,???? ???? ????,Pharmacy 54,Mohamed,Riyadh,Middle Region,Street,
Jan-25,4467,1003,ZERO BOUNS," 25,141 "," 4,775 ",19%,???? ???? ????,Pharmacy 54,Mohamed,Riyadh,Middle Region,Street,
Jan-25,4467,1004,MULTI VITAMIN AND HERBS," 13,764 "," 6,240 ",45%,???? ???? ????,Pharmacy 54,Mohamed,Riyadh,Middle Region,Street,
Jan-25,4467,1005,MEDCINE SP ITEMS," 6,658 "," 1,026 ",15%,???? ???? ????,Pharmacy 54,Mohamed,Riyadh,Middle Region,Street,
Jan-25,4467,1211,MILK POWDER," 8,186 ", 813 ,10%,???? ???? ????,Pharmacy 54,Mohamed,Riyadh,Middle Region,Street,
Jan-25,4467,2001,FOOD SUPLEMENTS," 1,400 ", 538 ,38%,???? ???? ????,Pharmacy 54,Mohamed,Riyadh,Middle Region,Street,
Jan-25,4467,2002,CHILD CARE," 1,788 ", 592 ,33%,???? ???? ????,Pharmacy 54,Mohamed,Riyadh,Middle Region,Street,
Jan-25,4467,2003,HAIR CARE," 1,722 ", 396 ,23%,???? ???? ????,Pharmacy 54,Mohamed,Riyadh,Middle Region,Street,
Jan-25,4467,2004,HAIR COLORANTS," 1,497 ", 318 ,21%,???? ???? ????,Pharmacy 54,Mohamed,Riyadh,Middle Region,Street,
Jan-25,4467,2005,MOUTH AND TEETH CARE," 3,125 "," 1,094 ",35%,???? ???? ????,Pharmacy 54,Mohamed,Riyadh,Middle Region,Street,
Jan-25,4467,2006,SKIN CARE," 6,802 "," 2,287 ",34%,???? ???? ????,Pharmacy 54,Mohamed,Riyadh,Middle Region,Street,
Jan-25,4467,2007,MEDICAL APPLIANCES," 8,480 "," 3,859 ",46%,???? ???? ????,Pharmacy 54,Mohamed,Riyadh,Middle Region,Street,
Jan-25,4467,2221,KIDS DIAPERS," 2,625 ", 340 ,13%,???? ???? ????,Pharmacy 54,Mohamed,Riyadh,Middle Region,Street,
Jan-25,4467,2222,FEMALES DIAPERS," 1,837 ", 365 ,20%,???? ???? ????,Pharmacy 54,Mohamed,Riyadh,Middle Region,Street,
Jan-25,4467,2223,ADULT DIAPERS, 278 , 49 ,18%,???? ???? ????,Pharmacy 54,Mohamed,Riyadh,Middle Region,Street,
Jan-25,4467,3001,PREMIUM," 6,174 "," 3,316 ",54%,???? ???? ????,Pharmacy 54,Mohamed,Riyadh,Middle Region,Street,
Jan-25,4467,3002,CHILD-PREMIUM, 404 , 208 ,52%,???? ???? ????,Pharmacy 54,Mohamed,Riyadh,Middle Region,Street,
Jan-25,4467,3003,PERSONAL CARE, 345 , 187 ,54%,???? ???? ????,Pharmacy 54,Mohamed,Riyadh,Middle Region,Street,
Jan-25,4467,3004,HEALTHY AND DIET FOOD, 212 , 119 ,56%,???? ???? ????,Pharmacy 54,Mohamed,Riyadh,Middle Region,Street,
Jan-25,4467,3005,MAKE-UP, 225 , 98 ,43%,???? ???? ????,Pharmacy 54,Mohamed,Riyadh,Middle Region,Street,
Jan-25,4467,3201,DECLARE, 299 , 244 ,82%,???? ???? ????,Pharmacy 54,Mohamed,Riyadh,Middle Region,Street,
Jan-25,70012,1001,MEDCINE, 47 , (92),-197%,??? ????? ?????? ,Pharmacy 54,Mohamed,Riyadh,Middle Region,Street,
Jan-25,70012,1002,ANTIBIOTIC, 60 , 15 ,25%,??? ????? ?????? ,Pharmacy 54,Mohamed,Riyadh,Middle Region,Street,
Jan-25,4082,1001,MEDCINE, 882 , 427 ,48%,???? ????? ,Pharmacy 57,Mohamed,kharj,Middle Region,Street,
Jan-25,4082,1002,ANTIBIOTIC, 144 , 65 ,45%,???? ????? ,Pharmacy 57,Mohamed,kharj,Middle Region,Street,
Jan-25,4082,1003,ZERO BOUNS, 489 , 77 ,16%,???? ????? ,Pharmacy 57,Mohamed,kharj,Middle Region,Street,
Jan-25,4082,1004,MULTI VITAMIN AND HERBS, 83 , 26 ,31%,???? ????? ,Pharmacy 57,Mohamed,kharj,Middle Region,Street,
Jan-25,4082,1211,MILK POWDER, 273 , 38 ,14%,???? ????? ,Pharmacy 57,Mohamed,kharj,Middle Region,Street,
Jan-25,4082,2001,FOOD SUPLEMENTS, 39 , 12 ,32%,???? ????? ,Pharmacy 57,Mohamed,kharj,Middle Region,Street,
Jan-25,4082,2002,CHILD CARE, 9 , 2 ,21%,???? ????? ,Pharmacy 57,Mohamed,kharj,Middle Region,Street,
Jan-25,4082,2003,HAIR CARE, 25 , 8 ,33%,???? ????? ,Pharmacy 57,Mohamed,kharj,Middle Region,Street,
Jan-25,4082,2004,HAIR COLORANTS, 70 , 22 ,31%,???? ????? ,Pharmacy 57,Mohamed,kharj,Middle Region,Street,
Jan-25,4082,2005,MOUTH AND TEETH CARE, 99 , 43 ,43%,???? ????? ,Pharmacy 57,Mohamed,kharj,Middle Region,Street,
Jan-25,4082,2006,SKIN CARE, 113 , 38 ,34%,???? ????? ,Pharmacy 57,Mohamed,kharj,Middle Region,Street,
Jan-25,4082,2007,MEDICAL APPLIANCES, 58 , 38 ,66%,???? ????? ,Pharmacy 57,Mohamed,kharj,Middle Region,Street,
Jan-25,4082,2221,KIDS DIAPERS, 124 , 13 ,11%,???? ????? ,Pharmacy 57,Mohamed,kharj,Middle Region,Street,
Jan-25,4082,2222,FEMALES DIAPERS, 199 , 39 ,20%,???? ????? ,Pharmacy 57,Mohamed,kharj,Middle Region,Street,
Jan-25,4082,3001,PREMIUM, 149 , 38 ,26%,???? ????? ,Pharmacy 57,Mohamed,kharj,Middle Region,Street,
Jan-25,4273,1001,MEDCINE," 38,862 "," 12,518 ",32%,????? ?????,Pharmacy 57,Mohamed,kharj,Middle Region,Street,
Jan-25,4273,1002,ANTIBIOTIC," 7,200 "," 2,763 ",38%,????? ?????,Pharmacy 57,Mohamed,kharj,Middle Region,Street,
Jan-25,4273,1003,ZERO BOUNS," 15,080 ", 412 ,3%,????? ?????,Pharmacy 57,Mohamed,kharj,Middle Region,Street,
Jan-25,4273,1004,MULTI VITAMIN AND HERBS," 10,898 "," 4,490 ",41%,????? ?????,Pharmacy 57,Mohamed,kharj,Middle Region,Street,
Jan-25,4273,1005,MEDCINE SP ITEMS," 9,479 "," (5,276)",-56%,????? ?????,Pharmacy 57,Mohamed,kharj,Middle Region,Street,
Jan-25,4273,1211,MILK POWDER," 7,115 ", 799 ,11%,????? ?????,Pharmacy 57,Mohamed,kharj,Middle Region,Street,
Jan-25,4273,2001,FOOD SUPLEMENTS, 472 , 171 ,36%,????? ?????,Pharmacy 57,Mohamed,kharj,Middle Region,Street,
Jan-25,4273,2002,CHILD CARE," 2,081 ", 797 ,38%,????? ?????,Pharmacy 57,Mohamed,kharj,Middle Region,Street,
Jan-25,4273,2003,HAIR CARE," 2,288 ", 511 ,22%,????? ?????,Pharmacy 57,Mohamed,kharj,Middle Region,Street,
Jan-25,4273,2004,HAIR COLORANTS," 1,150 ", 304 ,26%,????? ?????,Pharmacy 57,Mohamed,kharj,Middle Region,Street,
Jan-25,4273,2005,MOUTH AND TEETH CARE," 3,518 "," 1,599 ",45%,????? ?????,Pharmacy 57,Mohamed,kharj,Middle Region,Street,
Jan-25,4273,2006,SKIN CARE," 7,116 "," 2,293 ",32%,????? ?????,Pharmacy 57,Mohamed,kharj,Middle Region,Street,
Jan-25,4273,2007,MEDICAL APPLIANCES," 5,404 "," 1,843 ",34%,????? ?????,Pharmacy 57,Mohamed,kharj,Middle Region,Street,
Jan-25,4273,2221,KIDS DIAPERS," 3,910 ", 449 ,11%,????? ?????,Pharmacy 57,Mohamed,kharj,Middle Region,Street,
Jan-25,4273,2222,FEMALES DIAPERS," 1,727 ", 400 ,23%,????? ?????,Pharmacy 57,Mohamed,kharj,Middle Region,Street,
Jan-25,4273,2223,ADULT DIAPERS," 1,184 ", 166 ,14%,????? ?????,Pharmacy 57,Mohamed,kharj,Middle Region,Street,
Jan-25,4273,3001,PREMIUM," 2,334 "," 1,286 ",55%,????? ?????,Pharmacy 57,Mohamed,kharj,Middle Region,Street,
Jan-25,4273,3002,CHILD-PREMIUM, 112 , 48 ,43%,????? ?????,Pharmacy 57,Mohamed,kharj,Middle Region,Street,
Jan-25,4273,3003,PERSONAL CARE, 7 , 5 ,64%,????? ?????,Pharmacy 57,Mohamed,kharj,Middle Region,Street,
Jan-25,4273,3004,HEALTHY AND DIET FOOD, 40 , 16 ,39%,????? ?????,Pharmacy 57,Mohamed,kharj,Middle Region,Street,
Jan-25,4273,3005,MAKE-UP, 92 , 46 ,50%,????? ?????,Pharmacy 57,Mohamed,kharj,Middle Region,Street,
Jan-25,4273,3201,DECLARE," 1,216 ", 947 ,78%,????? ?????,Pharmacy 57,Mohamed,kharj,Middle Region,Street,
Jan-25,4377,1001,MEDCINE, 777 , 322 ,41%,???? ?????? ,Pharmacy 57,Mohamed,kharj,Middle Region,Street,
Jan-25,4377,1002,ANTIBIOTIC, 105 , 56 ,54%,???? ?????? ,Pharmacy 57,Mohamed,kharj,Middle Region,Street,
Jan-25,4377,1003,ZERO BOUNS, 436 , 43 ,10%,???? ?????? ,Pharmacy 57,Mohamed,kharj,Middle Region,Street,
Jan-25,4377,1004,MULTI VITAMIN AND HERBS, 208 , 48 ,23%,???? ?????? ,Pharmacy 57,Mohamed,kharj,Middle Region,Street,
Jan-25,4377,1211,MILK POWDER, 232 , 13 ,5%,???? ?????? ,Pharmacy 57,Mohamed,kharj,Middle Region,Street,
Jan-25,4377,2002,CHILD CARE, 42 , 13 ,32%,???? ?????? ,Pharmacy 57,Mohamed,kharj,Middle Region,Street,
Jan-25,4377,2003,HAIR CARE, 40 , 10 ,26%,???? ?????? ,Pharmacy 57,Mohamed,kharj,Middle Region,Street,
Jan-25,4377,2005,MOUTH AND TEETH CARE, 184 , 46 ,25%,???? ?????? ,Pharmacy 57,Mohamed,kharj,Middle Region,Street,
Jan-25,4377,2006,SKIN CARE, 141 , 36 ,26%,???? ?????? ,Pharmacy 57,Mohamed,kharj,Middle Region,Street,
Jan-25,4377,2007,MEDICAL APPLIANCES, 420 , 168 ,40%,???? ?????? ,Pharmacy 57,Mohamed,kharj,Middle Region,Street,
Jan-25,4377,2221,KIDS DIAPERS, 64 , 6 ,10%,???? ?????? ,Pharmacy 57,Mohamed,kharj,Middle Region,Street,
Jan-25,4377,2223,ADULT DIAPERS, 104 , 9 ,8%,???? ?????? ,Pharmacy 57,Mohamed,kharj,Middle Region,Street,
Jan-25,7867,1001,MEDCINE," 4,058 ", 724 ,18%,??? ??? ??????  ,Pharmacy 57,Mohamed,kharj,Middle Region,Street,
Jan-25,7867,1002,ANTIBIOTIC, 691 , 94 ,14%,??? ??? ??????  ,Pharmacy 57,Mohamed,kharj,Middle Region,Street,
Jan-25,7867,1003,ZERO BOUNS," 1,537 ", 31 ,2%,??? ??? ??????  ,Pharmacy 57,Mohamed,kharj,Middle Region,Street,
Jan-25,7867,1004,MULTI VITAMIN AND HERBS," 1,475 ", 476 ,32%,??? ??? ??????  ,Pharmacy 57,Mohamed,kharj,Middle Region,Street,
Jan-25,7867,1005,MEDCINE SP ITEMS, 481 , (362),-75%,??? ??? ??????  ,Pharmacy 57,Mohamed,kharj,Middle Region,Street,
Jan-25,7867,1211,MILK POWDER, 400 , 41 ,10%,??? ??? ??????  ,Pharmacy 57,Mohamed,kharj,Middle Region,Street,
Jan-25,7867,2001,FOOD SUPLEMENTS, 86 , 32 ,37%,??? ??? ??????  ,Pharmacy 57,Mohamed,kharj,Middle Region,Street,
Jan-25,7867,2002,CHILD CARE, 164 , 58 ,36%,??? ??? ??????  ,Pharmacy 57,Mohamed,kharj,Middle Region,Street,
Jan-25,7867,2003,HAIR CARE, 116 , 38 ,32%,??? ??? ??????  ,Pharmacy 57,Mohamed,kharj,Middle Region,Street,
Jan-25,7867,2004,HAIR COLORANTS, 194 , 44 ,23%,??? ??? ??????  ,Pharmacy 57,Mohamed,kharj,Middle Region,Street,
Jan-25,7867,2005,MOUTH AND TEETH CARE, 446 , 196 ,44%,??? ??? ??????  ,Pharmacy 57,Mohamed,kharj,Middle Region,Street,
Jan-25,7867,2006,SKIN CARE, 423 , 134 ,32%,??? ??? ??????  ,Pharmacy 57,Mohamed,kharj,Middle Region,Street,
Jan-25,7867,2007,MEDICAL APPLIANCES, 818 , 252 ,31%,??? ??? ??????  ,Pharmacy 57,Mohamed,kharj,Middle Region,Street,
Jan-25,7867,2221,KIDS DIAPERS, 110 , 22 ,20%,??? ??? ??????  ,Pharmacy 57,Mohamed,kharj,Middle Region,Street,
Jan-25,7867,2222,FEMALES DIAPERS, 144 , 35 ,24%,??? ??? ??????  ,Pharmacy 57,Mohamed,kharj,Middle Region,Street,
Jan-25,7867,2223,ADULT DIAPERS, 82 , 10 ,13%,??? ??? ??????  ,Pharmacy 57,Mohamed,kharj,Middle Region,Street,
Jan-25,7867,3001,PREMIUM, 73 , 30 ,41%,??? ??? ??????  ,Pharmacy 57,Mohamed,kharj,Middle Region,Street,
Jan-25,7867,3002,CHILD-PREMIUM, 147 , 63 ,43%,??? ??? ??????  ,Pharmacy 57,Mohamed,kharj,Middle Region,Street,
Jan-25,4588,1001,MEDCINE," 12,627 "," 4,963 ",39%,????? ???? ???? ,Pharmacy 6,Abbdallah,Riyadh,Middle Region,PolyClinic,
Jan-25,4588,1002,ANTIBIOTIC," 3,059 "," 1,177 ",38%,????? ???? ???? ,Pharmacy 6,Abbdallah,Riyadh,Middle Region,PolyClinic,
Jan-25,4588,1003,ZERO BOUNS," 4,277 ", 802 ,19%,????? ???? ???? ,Pharmacy 6,Abbdallah,Riyadh,Middle Region,PolyClinic,
Jan-25,4588,1004,MULTI VITAMIN AND HERBS," 7,026 "," 3,088 ",44%,????? ???? ???? ,Pharmacy 6,Abbdallah,Riyadh,Middle Region,PolyClinic,
Jan-25,4588,1005,MEDCINE SP ITEMS," 1,004 ", (155),-15%,????? ???? ???? ,Pharmacy 6,Abbdallah,Riyadh,Middle Region,PolyClinic,
Jan-25,4588,1211,MILK POWDER, 745 , 71 ,10%,????? ???? ???? ,Pharmacy 6,Abbdallah,Riyadh,Middle Region,PolyClinic,
Jan-25,4588,2001,FOOD SUPLEMENTS, 379 , 123 ,32%,????? ???? ???? ,Pharmacy 6,Abbdallah,Riyadh,Middle Region,PolyClinic,
Jan-25,4588,2002,CHILD CARE, 318 , 113 ,36%,????? ???? ???? ,Pharmacy 6,Abbdallah,Riyadh,Middle Region,PolyClinic,
Jan-25,4588,2003,HAIR CARE, 261 , 61 ,23%,????? ???? ???? ,Pharmacy 6,Abbdallah,Riyadh,Middle Region,PolyClinic,
Jan-25,4588,2004,HAIR COLORANTS, 306 , 47 ,15%,????? ???? ???? ,Pharmacy 6,Abbdallah,Riyadh,Middle Region,PolyClinic,
Jan-25,4588,2005,MOUTH AND TEETH CARE, 997 , 330 ,33%,????? ???? ???? ,Pharmacy 6,Abbdallah,Riyadh,Middle Region,PolyClinic,
Jan-25,4588,2006,SKIN CARE," 2,666 ", 943 ,35%,????? ???? ???? ,Pharmacy 6,Abbdallah,Riyadh,Middle Region,PolyClinic,
Jan-25,4588,2007,MEDICAL APPLIANCES," 1,877 ", 903 ,48%,????? ???? ???? ,Pharmacy 6,Abbdallah,Riyadh,Middle Region,PolyClinic,
Jan-25,4588,2221,KIDS DIAPERS, 594 , 97 ,16%,????? ???? ???? ,Pharmacy 6,Abbdallah,Riyadh,Middle Region,PolyClinic,
Jan-25,4588,2222,FEMALES DIAPERS, 771 , 132 ,17%,????? ???? ???? ,Pharmacy 6,Abbdallah,Riyadh,Middle Region,PolyClinic,
Jan-25,4588,2223,ADULT DIAPERS, 124 , 19 ,16%,????? ???? ???? ,Pharmacy 6,Abbdallah,Riyadh,Middle Region,PolyClinic,
Jan-25,4588,3001,PREMIUM," 24,861 "," 12,221 ",49%,????? ???? ???? ,Pharmacy 6,Abbdallah,Riyadh,Middle Region,PolyClinic,
Jan-25,4588,3003,PERSONAL CARE, 150 , 67 ,45%,????? ???? ???? ,Pharmacy 6,Abbdallah,Riyadh,Middle Region,PolyClinic,
Jan-25,4588,3004,HEALTHY AND DIET FOOD, 25 , 8 ,30%,????? ???? ???? ,Pharmacy 6,Abbdallah,Riyadh,Middle Region,PolyClinic,
Jan-25,4588,3005,MAKE-UP, 308 , 104 ,34%,????? ???? ???? ,Pharmacy 6,Abbdallah,Riyadh,Middle Region,PolyClinic,
Jan-25,4588,3201,DECLARE," 1,373 "," 1,138 ",83%,????? ???? ???? ,Pharmacy 6,Abbdallah,Riyadh,Middle Region,PolyClinic,
Jan-25,4728,1001,MEDCINE," 22,549 "," 8,934 ",40%,???? ???? ?????? ,Pharmacy 6,Abbdallah,Riyadh,Middle Region,PolyClinic,
Jan-25,4728,1002,ANTIBIOTIC," 5,922 "," 2,527 ",43%,???? ???? ?????? ,Pharmacy 6,Abbdallah,Riyadh,Middle Region,PolyClinic,
Jan-25,4728,1003,ZERO BOUNS," 11,245 "," 1,882 ",17%,???? ???? ?????? ,Pharmacy 6,Abbdallah,Riyadh,Middle Region,PolyClinic,
Jan-25,4728,1004,MULTI VITAMIN AND HERBS," 9,541 "," 4,512 ",47%,???? ???? ?????? ,Pharmacy 6,Abbdallah,Riyadh,Middle Region,PolyClinic,
Jan-25,4728,1005,MEDCINE SP ITEMS, 635 , (192),-30%,???? ???? ?????? ,Pharmacy 6,Abbdallah,Riyadh,Middle Region,PolyClinic,
Jan-25,4728,1211,MILK POWDER," 2,825 ", 310 ,11%,???? ???? ?????? ,Pharmacy 6,Abbdallah,Riyadh,Middle Region,PolyClinic,
Jan-25,4728,2001,FOOD SUPLEMENTS, 301 , 130 ,43%,???? ???? ?????? ,Pharmacy 6,Abbdallah,Riyadh,Middle Region,PolyClinic,
Jan-25,4728,2002,CHILD CARE," 1,277 ", 422 ,33%,???? ???? ?????? ,Pharmacy 6,Abbdallah,Riyadh,Middle Region,PolyClinic,
Jan-25,4728,2003,HAIR CARE," 1,439 ", 540 ,37%,???? ???? ?????? ,Pharmacy 6,Abbdallah,Riyadh,Middle Region,PolyClinic,
Jan-25,4728,2004,HAIR COLORANTS, 836 , 203 ,24%,???? ???? ?????? ,Pharmacy 6,Abbdallah,Riyadh,Middle Region,PolyClinic,
Jan-25,4728,2005,MOUTH AND TEETH CARE," 1,762 ", 717 ,41%,???? ???? ?????? ,Pharmacy 6,Abbdallah,Riyadh,Middle Region,PolyClinic,
Jan-25,4728,2006,SKIN CARE," 5,636 "," 1,720 ",31%,???? ???? ?????? ,Pharmacy 6,Abbdallah,Riyadh,Middle Region,PolyClinic,
Jan-25,4728,2007,MEDICAL APPLIANCES," 5,215 "," 2,341 ",45%,???? ???? ?????? ,Pharmacy 6,Abbdallah,Riyadh,Middle Region,PolyClinic,
Jan-25,4728,2221,KIDS DIAPERS," 1,437 ", 250 ,17%,???? ???? ?????? ,Pharmacy 6,Abbdallah,Riyadh,Middle Region,PolyClinic,
Jan-25,4728,2222,FEMALES DIAPERS," 1,518 ", 303 ,20%,???? ???? ?????? ,Pharmacy 6,Abbdallah,Riyadh,Middle Region,PolyClinic,
Jan-25,4728,2223,ADULT DIAPERS, 618 , 80 ,13%,???? ???? ?????? ,Pharmacy 6,Abbdallah,Riyadh,Middle Region,PolyClinic,
Jan-25,4728,3001,PREMIUM," 47,774 "," 23,750 ",50%,???? ???? ?????? ,Pharmacy 6,Abbdallah,Riyadh,Middle Region,PolyClinic,
Jan-25,4728,3002,CHILD-PREMIUM, 70 , 30 ,43%,???? ???? ?????? ,Pharmacy 6,Abbdallah,Riyadh,Middle Region,PolyClinic,
Jan-25,4728,3003,PERSONAL CARE, 283 , 109 ,39%,???? ???? ?????? ,Pharmacy 6,Abbdallah,Riyadh,Middle Region,PolyClinic,
Jan-25,4728,3004,HEALTHY AND DIET FOOD, 132 , 60 ,45%,???? ???? ?????? ,Pharmacy 6,Abbdallah,Riyadh,Middle Region,PolyClinic,
Jan-25,4728,3005,MAKE-UP, 173 , 56 ,32%,???? ???? ?????? ,Pharmacy 6,Abbdallah,Riyadh,Middle Region,PolyClinic,
Jan-25,4728,3201,DECLARE," 3,793 "," 3,185 ",84%,???? ???? ?????? ,Pharmacy 6,Abbdallah,Riyadh,Middle Region,PolyClinic,
Jan-25,4496,1001,MEDCINE," 60,773 "," 17,498 ",29%,???? ???? ,Pharmacy 61,Mohamed Erfan,Gizan,Southern Region,Street,
Jan-25,4496,1002,ANTIBIOTIC," 9,242 "," 3,373 ",36%,???? ???? ,Pharmacy 61,Mohamed Erfan,Gizan,Southern Region,Street,
Jan-25,4496,1003,ZERO BOUNS," 20,637 "," 3,656 ",18%,???? ???? ,Pharmacy 61,Mohamed Erfan,Gizan,Southern Region,Street,
Jan-25,4496,1004,MULTI VITAMIN AND HERBS," 14,152 "," 6,106 ",43%,???? ???? ,Pharmacy 61,Mohamed Erfan,Gizan,Southern Region,Street,
Jan-25,4496,1005,MEDCINE SP ITEMS," 5,125 "," (1,515)",-30%,???? ???? ,Pharmacy 61,Mohamed Erfan,Gizan,Southern Region,Street,
Jan-25,4496,1211,MILK POWDER," 7,890 ", 888 ,11%,???? ???? ,Pharmacy 61,Mohamed Erfan,Gizan,Southern Region,Street,
Jan-25,4496,2001,FOOD SUPLEMENTS," 1,203 ", 521 ,43%,???? ???? ,Pharmacy 61,Mohamed Erfan,Gizan,Southern Region,Street,
Jan-25,4496,2002,CHILD CARE," 2,434 ", 899 ,37%,???? ???? ,Pharmacy 61,Mohamed Erfan,Gizan,Southern Region,Street,
Jan-25,4496,2003,HAIR CARE," 3,149 ", 810 ,26%,???? ???? ,Pharmacy 61,Mohamed Erfan,Gizan,Southern Region,Street,
Jan-25,4496,2004,HAIR COLORANTS," 1,656 ", 412 ,25%,???? ???? ,Pharmacy 61,Mohamed Erfan,Gizan,Southern Region,Street,
Jan-25,4496,2005,MOUTH AND TEETH CARE," 4,071 "," 1,577 ",39%,???? ???? ,Pharmacy 61,Mohamed Erfan,Gizan,Southern Region,Street,
Jan-25,4496,2006,SKIN CARE," 12,326 "," 3,934 ",32%,???? ???? ,Pharmacy 61,Mohamed Erfan,Gizan,Southern Region,Street,
Jan-25,4496,2007,MEDICAL APPLIANCES," 14,437 "," 3,983 ",28%,???? ???? ,Pharmacy 61,Mohamed Erfan,Gizan,Southern Region,Street,
Jan-25,4496,2221,KIDS DIAPERS," 4,470 ", 567 ,13%,???? ???? ,Pharmacy 61,Mohamed Erfan,Gizan,Southern Region,Street,
Jan-25,4496,2222,FEMALES DIAPERS," 2,753 ", 548 ,20%,???? ???? ,Pharmacy 61,Mohamed Erfan,Gizan,Southern Region,Street,
Jan-25,4496,2223,ADULT DIAPERS, 272 , 72 ,26%,???? ???? ,Pharmacy 61,Mohamed Erfan,Gizan,Southern Region,Street,
Jan-25,4496,3001,PREMIUM," 6,425 "," 3,212 ",50%,???? ???? ,Pharmacy 61,Mohamed Erfan,Gizan,Southern Region,Street,
Jan-25,4496,3002,CHILD-PREMIUM, 277 , 175 ,63%,???? ???? ,Pharmacy 61,Mohamed Erfan,Gizan,Southern Region,Street,
Jan-25,4496,3003,PERSONAL CARE, 91 , 42 ,46%,???? ???? ,Pharmacy 61,Mohamed Erfan,Gizan,Southern Region,Street,
Jan-25,4496,3004,HEALTHY AND DIET FOOD, 27 , 9 ,34%,???? ???? ,Pharmacy 61,Mohamed Erfan,Gizan,Southern Region,Street,
Jan-25,4496,3005,MAKE-UP, 332 , 137 ,41%,???? ???? ,Pharmacy 61,Mohamed Erfan,Gizan,Southern Region,Street,
Jan-25,4496,3201,DECLARE, 791 , 669 ,85%,???? ???? ,Pharmacy 61,Mohamed Erfan,Gizan,Southern Region,Street,
Jan-25,4521,1001,MEDCINE," 56,869 "," 18,452 ",32%,Ahmed Ramy,Pharmacy 61,Mohamed Erfan,Gizan,Southern Region,Street,
Jan-25,4521,1002,ANTIBIOTIC," 8,807 "," 3,633 ",41%,Ahmed Ramy,Pharmacy 61,Mohamed Erfan,Gizan,Southern Region,Street,
Jan-25,4521,1003,ZERO BOUNS," 21,592 "," 2,626 ",12%,Ahmed Ramy,Pharmacy 61,Mohamed Erfan,Gizan,Southern Region,Street,
Jan-25,4521,1004,MULTI VITAMIN AND HERBS," 19,321 "," 9,508 ",49%,Ahmed Ramy,Pharmacy 61,Mohamed Erfan,Gizan,Southern Region,Street,
Jan-25,4521,1005,MEDCINE SP ITEMS," 7,996 "," (2,592)",-32%,Ahmed Ramy,Pharmacy 61,Mohamed Erfan,Gizan,Southern Region,Street,
Jan-25,4521,1211,MILK POWDER," 7,596 ", 835 ,11%,Ahmed Ramy,Pharmacy 61,Mohamed Erfan,Gizan,Southern Region,Street,
Jan-25,4521,2001,FOOD SUPLEMENTS, 770 , 307 ,40%,Ahmed Ramy,Pharmacy 61,Mohamed Erfan,Gizan,Southern Region,Street,
Jan-25,4521,2002,CHILD CARE," 1,843 ", 709 ,38%,Ahmed Ramy,Pharmacy 61,Mohamed Erfan,Gizan,Southern Region,Street,
Jan-25,4521,2003,HAIR CARE," 2,945 ", 884 ,30%,Ahmed Ramy,Pharmacy 61,Mohamed Erfan,Gizan,Southern Region,Street,
Jan-25,4521,2004,HAIR COLORANTS," 1,042 ", 226 ,22%,Ahmed Ramy,Pharmacy 61,Mohamed Erfan,Gizan,Southern Region,Street,
Jan-25,4521,2005,MOUTH AND TEETH CARE," 4,087 "," 1,901 ",46%,Ahmed Ramy,Pharmacy 61,Mohamed Erfan,Gizan,Southern Region,Street,
Jan-25,4521,2006,SKIN CARE," 11,349 "," 3,584 ",32%,Ahmed Ramy,Pharmacy 61,Mohamed Erfan,Gizan,Southern Region,Street,
Jan-25,4521,2007,MEDICAL APPLIANCES," 24,100 "," 2,311 ",10%,Ahmed Ramy,Pharmacy 61,Mohamed Erfan,Gizan,Southern Region,Street,
Jan-25,4521,2221,KIDS DIAPERS," 3,416 ", 381 ,11%,Ahmed Ramy,Pharmacy 61,Mohamed Erfan,Gizan,Southern Region,Street,
Jan-25,4521,2222,FEMALES DIAPERS," 1,620 ", 373 ,23%,Ahmed Ramy,Pharmacy 61,Mohamed Erfan,Gizan,Southern Region,Street,
Jan-25,4521,2223,ADULT DIAPERS, 519 , 185 ,36%,Ahmed Ramy,Pharmacy 61,Mohamed Erfan,Gizan,Southern Region,Street,
Jan-25,4521,3001,PREMIUM," 4,186 "," 2,308 ",55%,Ahmed Ramy,Pharmacy 61,Mohamed Erfan,Gizan,Southern Region,Street,
Jan-25,4521,3002,CHILD-PREMIUM, 255 , 171 ,67%,Ahmed Ramy,Pharmacy 61,Mohamed Erfan,Gizan,Southern Region,Street,
Jan-25,4521,3003,PERSONAL CARE, 68 , 42 ,61%,Ahmed Ramy,Pharmacy 61,Mohamed Erfan,Gizan,Southern Region,Street,
Jan-25,4521,3004,HEALTHY AND DIET FOOD, 48 , 16 ,34%,Ahmed Ramy,Pharmacy 61,Mohamed Erfan,Gizan,Southern Region,Street,
Jan-25,4521,3005,MAKE-UP, 206 , 96 ,47%,Ahmed Ramy,Pharmacy 61,Mohamed Erfan,Gizan,Southern Region,Street,
Jan-25,4521,3201,DECLARE," 2,146 "," 1,761 ",82%,Ahmed Ramy,Pharmacy 61,Mohamed Erfan,Gizan,Southern Region,Street,
Jan-25,4543,1001,MEDCINE," 1,662 ", 196 ,12%,???? ???? ,Pharmacy 61,Mohamed Erfan,Gizan,Southern Region,Street,
Jan-25,4543,1002,ANTIBIOTIC, 310 , 47 ,15%,???? ???? ,Pharmacy 61,Mohamed Erfan,Gizan,Southern Region,Street,
Jan-25,4543,1003,ZERO BOUNS, 895 , 73 ,8%,???? ???? ,Pharmacy 61,Mohamed Erfan,Gizan,Southern Region,Street,
Jan-25,4543,1004,MULTI VITAMIN AND HERBS, 681 , 374 ,55%,???? ???? ,Pharmacy 61,Mohamed Erfan,Gizan,Southern Region,Street,
Jan-25,4543,1005,MEDCINE SP ITEMS, 92 , 17 ,19%,???? ???? ,Pharmacy 61,Mohamed Erfan,Gizan,Southern Region,Street,
Jan-25,4543,1211,MILK POWDER, 145 , 22 ,15%,???? ???? ,Pharmacy 61,Mohamed Erfan,Gizan,Southern Region,Street,
Jan-25,4543,2001,FOOD SUPLEMENTS, 104 , 39 ,38%,???? ???? ,Pharmacy 61,Mohamed Erfan,Gizan,Southern Region,Street,
Jan-25,4543,2002,CHILD CARE, 48 , 29 ,60%,???? ???? ,Pharmacy 61,Mohamed Erfan,Gizan,Southern Region,Street,
Jan-25,4543,2003,HAIR CARE, 169 , 93 ,55%,???? ???? ,Pharmacy 61,Mohamed Erfan,Gizan,Southern Region,Street,
Jan-25,4543,2004,HAIR COLORANTS, 55 , 15 ,27%,???? ???? ,Pharmacy 61,Mohamed Erfan,Gizan,Southern Region,Street,
Jan-25,4543,2005,MOUTH AND TEETH CARE, 61 , 15 ,25%,???? ???? ,Pharmacy 61,Mohamed Erfan,Gizan,Southern Region,Street,
Jan-25,4543,2006,SKIN CARE, 243 , 86 ,35%,???? ???? ,Pharmacy 61,Mohamed Erfan,Gizan,Southern Region,Street,
Jan-25,4543,2007,MEDICAL APPLIANCES, 529 , 372 ,70%,???? ???? ,Pharmacy 61,Mohamed Erfan,Gizan,Southern Region,Street,
Jan-25,4543,2221,KIDS DIAPERS, 35 , 4 ,12%,???? ???? ,Pharmacy 61,Mohamed Erfan,Gizan,Southern Region,Street,
Jan-25,4543,2222,FEMALES DIAPERS, 119 , 29 ,24%,???? ???? ,Pharmacy 61,Mohamed Erfan,Gizan,Southern Region,Street,
Jan-25,4543,3001,PREMIUM, 518 , 210 ,41%,???? ???? ,Pharmacy 61,Mohamed Erfan,Gizan,Southern Region,Street,
Jan-25,4543,3002,CHILD-PREMIUM, 110 , 47 ,43%,???? ???? ,Pharmacy 61,Mohamed Erfan,Gizan,Southern Region,Street,
Jan-25,4543,3003,PERSONAL CARE, 240 , 135 ,56%,???? ???? ,Pharmacy 61,Mohamed Erfan,Gizan,Southern Region,Street,
Jan-25,4543,3201,DECLARE, 135 , 119 ,88%,???? ???? ,Pharmacy 61,Mohamed Erfan,Gizan,Southern Region,Street,
Jan-25,7584,1001,MEDCINE," 10,004 "," 2,967 ",30%,???? ????,Pharmacy 61,Mohamed Erfan,Gizan,Southern Region,Street,
Jan-25,7584,1002,ANTIBIOTIC, 721 , (118),-16%,???? ????,Pharmacy 61,Mohamed Erfan,Gizan,Southern Region,Street,
Jan-25,7584,1003,ZERO BOUNS," 3,995 ", 326 ,8%,???? ????,Pharmacy 61,Mohamed Erfan,Gizan,Southern Region,Street,
Jan-25,7584,1004,MULTI VITAMIN AND HERBS," 3,177 "," 1,596 ",50%,???? ????,Pharmacy 61,Mohamed Erfan,Gizan,Southern Region,Street,
Jan-25,7584,1005,MEDCINE SP ITEMS, 637 , (216),-34%,???? ????,Pharmacy 61,Mohamed Erfan,Gizan,Southern Region,Street,
Jan-25,7584,1211,MILK POWDER," 1,327 ", 98 ,7%,???? ????,Pharmacy 61,Mohamed Erfan,Gizan,Southern Region,Street,
Jan-25,7584,2001,FOOD SUPLEMENTS, 255 , 121 ,47%,???? ????,Pharmacy 61,Mohamed Erfan,Gizan,Southern Region,Street,
Jan-25,7584,2002,CHILD CARE, 335 , 107 ,32%,???? ????,Pharmacy 61,Mohamed Erfan,Gizan,Southern Region,Street,
Jan-25,7584,2003,HAIR CARE, 778 , 229 ,29%,???? ????,Pharmacy 61,Mohamed Erfan,Gizan,Southern Region,Street,
Jan-25,7584,2004,HAIR COLORANTS, 274 , 75 ,27%,???? ????,Pharmacy 61,Mohamed Erfan,Gizan,Southern Region,Street,
Jan-25,7584,2005,MOUTH AND TEETH CARE, 451 , 164 ,36%,???? ????,Pharmacy 61,Mohamed Erfan,Gizan,Southern Region,Street,
Jan-25,7584,2006,SKIN CARE," 2,437 ", 850 ,35%,???? ????,Pharmacy 61,Mohamed Erfan,Gizan,Southern Region,Street,
Jan-25,7584,2007,MEDICAL APPLIANCES," 1,732 ", 590 ,34%,???? ????,Pharmacy 61,Mohamed Erfan,Gizan,Southern Region,Street,
Jan-25,7584,2221,KIDS DIAPERS, 908 , 154 ,17%,???? ????,Pharmacy 61,Mohamed Erfan,Gizan,Southern Region,Street,
Jan-25,7584,2222,FEMALES DIAPERS, 672 , 168 ,25%,???? ????,Pharmacy 61,Mohamed Erfan,Gizan,Southern Region,Street,
Jan-25,7584,2223,ADULT DIAPERS, 85 , 21 ,25%,???? ????,Pharmacy 61,Mohamed Erfan,Gizan,Southern Region,Street,
Jan-25,7584,3001,PREMIUM, 859 , 364 ,42%,???? ????,Pharmacy 61,Mohamed Erfan,Gizan,Southern Region,Street,
Jan-25,7584,3002,CHILD-PREMIUM, 142 , 80 ,57%,???? ????,Pharmacy 61,Mohamed Erfan,Gizan,Southern Region,Street,
Jan-25,7584,3005,MAKE-UP, 45 , 18 ,39%,???? ????,Pharmacy 61,Mohamed Erfan,Gizan,Southern Region,Street,
Jan-25,4307,1001,MEDCINE," 21,155 "," 9,627 ",46%,Mohamed Monir,Pharmacy 62,Mohamed Erfan,Gizan,Southern Region,Street,
Jan-25,4307,1002,ANTIBIOTIC," 2,040 ", 776 ,38%,Mohamed Monir,Pharmacy 62,Mohamed Erfan,Gizan,Southern Region,Street,
Jan-25,4307,1003,ZERO BOUNS," 5,680 "," 1,474 ",26%,Mohamed Monir,Pharmacy 62,Mohamed Erfan,Gizan,Southern Region,Street,
Jan-25,4307,1004,MULTI VITAMIN AND HERBS," 6,745 "," 3,505 ",52%,Mohamed Monir,Pharmacy 62,Mohamed Erfan,Gizan,Southern Region,Street,
Jan-25,4307,1005,MEDCINE SP ITEMS," 1,960 ", 206 ,11%,Mohamed Monir,Pharmacy 62,Mohamed Erfan,Gizan,Southern Region,Street,
Jan-25,4307,1211,MILK POWDER," 5,797 ", 551 ,10%,Mohamed Monir,Pharmacy 62,Mohamed Erfan,Gizan,Southern Region,Street,
Jan-25,4307,2001,FOOD SUPLEMENTS, 217 , 112 ,52%,Mohamed Monir,Pharmacy 62,Mohamed Erfan,Gizan,Southern Region,Street,
Jan-25,4307,2002,CHILD CARE, 922 , 409 ,44%,Mohamed Monir,Pharmacy 62,Mohamed Erfan,Gizan,Southern Region,Street,
Jan-25,4307,2003,HAIR CARE," 1,773 ", 435 ,25%,Mohamed Monir,Pharmacy 62,Mohamed Erfan,Gizan,Southern Region,Street,
Jan-25,4307,2004,HAIR COLORANTS, 781 , 197 ,25%,Mohamed Monir,Pharmacy 62,Mohamed Erfan,Gizan,Southern Region,Street,
Jan-25,4307,2005,MOUTH AND TEETH CARE," 2,236 ", 970 ,43%,Mohamed Monir,Pharmacy 62,Mohamed Erfan,Gizan,Southern Region,Street,
Jan-25,4307,2006,SKIN CARE," 5,687 "," 1,474 ",26%,Mohamed Monir,Pharmacy 62,Mohamed Erfan,Gizan,Southern Region,Street,
Jan-25,4307,2007,MEDICAL APPLIANCES," 3,140 "," 1,820 ",58%,Mohamed Monir,Pharmacy 62,Mohamed Erfan,Gizan,Southern Region,Street,
Jan-25,4307,2221,KIDS DIAPERS," 2,680 ", 374 ,14%,Mohamed Monir,Pharmacy 62,Mohamed Erfan,Gizan,Southern Region,Street,
Jan-25,4307,2222,FEMALES DIAPERS," 1,348 ", 276 ,20%,Mohamed Monir,Pharmacy 62,Mohamed Erfan,Gizan,Southern Region,Street,
Jan-25,4307,2223,ADULT DIAPERS, 119 , 31 ,26%,Mohamed Monir,Pharmacy 62,Mohamed Erfan,Gizan,Southern Region,Street,
Jan-25,4307,3001,PREMIUM," 3,664 "," 1,658 ",45%,Mohamed Monir,Pharmacy 62,Mohamed Erfan,Gizan,Southern Region,Street,
Jan-25,4307,3002,CHILD-PREMIUM, 470 , 122 ,26%,Mohamed Monir,Pharmacy 62,Mohamed Erfan,Gizan,Southern Region,Street,
Jan-25,4307,3003,PERSONAL CARE, 43 , 24 ,55%,Mohamed Monir,Pharmacy 62,Mohamed Erfan,Gizan,Southern Region,Street,
Jan-25,4307,3004,HEALTHY AND DIET FOOD, 12 , 4 ,38%,Mohamed Monir,Pharmacy 62,Mohamed Erfan,Gizan,Southern Region,Street,
Jan-25,4307,3005,MAKE-UP, 279 , 113 ,40%,Mohamed Monir,Pharmacy 62,Mohamed Erfan,Gizan,Southern Region,Street,
Jan-25,4307,3201,DECLARE, 492 , 416 ,85%,Mohamed Monir,Pharmacy 62,Mohamed Erfan,Gizan,Southern Region,Street,
Jan-25,4519,1001,MEDCINE," 23,519 "," 7,555 ",32%,Fouad aly,Pharmacy 62,Mohamed Erfan,Gizan,Southern Region,Street,
Jan-25,4519,1002,ANTIBIOTIC," 2,914 ", 420 ,14%,Fouad aly,Pharmacy 62,Mohamed Erfan,Gizan,Southern Region,Street,
Jan-25,4519,1003,ZERO BOUNS," 6,472 ", 180 ,3%,Fouad aly,Pharmacy 62,Mohamed Erfan,Gizan,Southern Region,Street,
Jan-25,4519,1004,MULTI VITAMIN AND HERBS," 5,723 "," 2,801 ",49%,Fouad aly,Pharmacy 62,Mohamed Erfan,Gizan,Southern Region,Street,
Jan-25,4519,1005,MEDCINE SP ITEMS," 1,573 ", (437),-28%,Fouad aly,Pharmacy 62,Mohamed Erfan,Gizan,Southern Region,Street,
Jan-25,4519,1211,MILK POWDER," 5,344 ", 346 ,6%,Fouad aly,Pharmacy 62,Mohamed Erfan,Gizan,Southern Region,Street,
Jan-25,4519,2001,FOOD SUPLEMENTS, 222 , 111 ,50%,Fouad aly,Pharmacy 62,Mohamed Erfan,Gizan,Southern Region,Street,
Jan-25,4519,2002,CHILD CARE," 1,364 ", 515 ,38%,Fouad aly,Pharmacy 62,Mohamed Erfan,Gizan,Southern Region,Street,
Jan-25,4519,2003,HAIR CARE," 1,822 ", 379 ,21%,Fouad aly,Pharmacy 62,Mohamed Erfan,Gizan,Southern Region,Street,
Jan-25,4519,2004,HAIR COLORANTS, 622 , 146 ,23%,Fouad aly,Pharmacy 62,Mohamed Erfan,Gizan,Southern Region,Street,
Jan-25,4519,2005,MOUTH AND TEETH CARE," 2,806 "," 1,232 ",44%,Fouad aly,Pharmacy 62,Mohamed Erfan,Gizan,Southern Region,Street,
Jan-25,4519,2006,SKIN CARE," 5,386 "," 1,590 ",30%,Fouad aly,Pharmacy 62,Mohamed Erfan,Gizan,Southern Region,Street,
Jan-25,4519,2007,MEDICAL APPLIANCES," 4,961 "," 1,048 ",21%,Fouad aly,Pharmacy 62,Mohamed Erfan,Gizan,Southern Region,Street,
Jan-25,4519,2221,KIDS DIAPERS," 2,150 ", 316 ,15%,Fouad aly,Pharmacy 62,Mohamed Erfan,Gizan,Southern Region,Street,
Jan-25,4519,2222,FEMALES DIAPERS," 1,010 ", 270 ,27%,Fouad aly,Pharmacy 62,Mohamed Erfan,Gizan,Southern Region,Street,
Jan-25,4519,2223,ADULT DIAPERS, 440 , 118 ,27%,Fouad aly,Pharmacy 62,Mohamed Erfan,Gizan,Southern Region,Street,
Jan-25,4519,3001,PREMIUM," 2,991 "," 1,639 ",55%,Fouad aly,Pharmacy 62,Mohamed Erfan,Gizan,Southern Region,Street,
Jan-25,4519,3002,CHILD-PREMIUM, 70 , 30 ,43%,Fouad aly,Pharmacy 62,Mohamed Erfan,Gizan,Southern Region,Street,
Jan-25,4519,3003,PERSONAL CARE, 56 , 36 ,64%,Fouad aly,Pharmacy 62,Mohamed Erfan,Gizan,Southern Region,Street,
Jan-25,4519,3004,HEALTHY AND DIET FOOD, 170 , 93 ,55%,Fouad aly,Pharmacy 62,Mohamed Erfan,Gizan,Southern Region,Street,
Jan-25,4519,3005,MAKE-UP, 81 , 25 ,31%,Fouad aly,Pharmacy 62,Mohamed Erfan,Gizan,Southern Region,Street,
Jan-25,4519,3201,DECLARE, 479 , 392 ,82%,Fouad aly,Pharmacy 62,Mohamed Erfan,Gizan,Southern Region,Street,
Jan-25,7946,1001,MEDCINE," 5,283 "," 1,111 ",21%,???? ???? ???? ,Pharmacy 62,Mohamed Erfan,Gizan,Southern Region,Street,
Jan-25,7946,1002,ANTIBIOTIC, 560 , (320),-57%,???? ???? ???? ,Pharmacy 62,Mohamed Erfan,Gizan,Southern Region,Street,
Jan-25,7946,1003,ZERO BOUNS, 799 , (323),-40%,???? ???? ???? ,Pharmacy 62,Mohamed Erfan,Gizan,Southern Region,Street,
Jan-25,7946,1004,MULTI VITAMIN AND HERBS, 759 , 467 ,61%,???? ???? ???? ,Pharmacy 62,Mohamed Erfan,Gizan,Southern Region,Street,
Jan-25,7946,1005,MEDCINE SP ITEMS, 985 , (357),-36%,???? ???? ???? ,Pharmacy 62,Mohamed Erfan,Gizan,Southern Region,Street,
Jan-25,7946,1211,MILK POWDER, 87 , 8 ,10%,???? ???? ???? ,Pharmacy 62,Mohamed Erfan,Gizan,Southern Region,Street,
Jan-25,7946,2001,FOOD SUPLEMENTS, 49 , 33 ,68%,???? ???? ???? ,Pharmacy 62,Mohamed Erfan,Gizan,Southern Region,Street,
Jan-25,7946,2002,CHILD CARE, 35 , 17 ,50%,???? ???? ???? ,Pharmacy 62,Mohamed Erfan,Gizan,Southern Region,Street,
Jan-25,7946,2003,HAIR CARE, 71 , 34 ,48%,???? ???? ???? ,Pharmacy 62,Mohamed Erfan,Gizan,Southern Region,Street,
Jan-25,7946,2005,MOUTH AND TEETH CARE, 75 , 47 ,62%,???? ???? ???? ,Pharmacy 62,Mohamed Erfan,Gizan,Southern Region,Street,
Jan-25,7946,2006,SKIN CARE, 195 , 72 ,37%,???? ???? ???? ,Pharmacy 62,Mohamed Erfan,Gizan,Southern Region,Street,
Jan-25,7946,2007,MEDICAL APPLIANCES," 2,161 ", 92 ,4%,???? ???? ???? ,Pharmacy 62,Mohamed Erfan,Gizan,Southern Region,Street,
Jan-25,7946,2222,FEMALES DIAPERS, 18 , 3 ,18%,???? ???? ???? ,Pharmacy 62,Mohamed Erfan,Gizan,Southern Region,Street,
Jan-25,7946,2223,ADULT DIAPERS, 75 , 38 ,50%,???? ???? ???? ,Pharmacy 62,Mohamed Erfan,Gizan,Southern Region,Street,
Jan-25,7946,3001,PREMIUM, 65 , 46 ,70%,???? ???? ???? ,Pharmacy 62,Mohamed Erfan,Gizan,Southern Region,Street,
Jan-25,7946,3005,MAKE-UP, 34 , 11 ,32%,???? ???? ???? ,Pharmacy 62,Mohamed Erfan,Gizan,Southern Region,Street,
Jan-25,4442,1001,MEDCINE," 52,801 "," 15,109 ",29%,???? ????,Pharmacy 63,Mohamed Erfan,Gizan,Southern Region,Street,
Jan-25,4442,1002,ANTIBIOTIC," 10,622 "," 4,815 ",45%,???? ????,Pharmacy 63,Mohamed Erfan,Gizan,Southern Region,Street,
Jan-25,4442,1003,ZERO BOUNS," 17,224 "," 1,365 ",8%,???? ????,Pharmacy 63,Mohamed Erfan,Gizan,Southern Region,Street,
Jan-25,4442,1004,MULTI VITAMIN AND HERBS," 20,314 "," 8,988 ",44%,???? ????,Pharmacy 63,Mohamed Erfan,Gizan,Southern Region,Street,
Jan-25,4442,1005,MEDCINE SP ITEMS," 10,379 "," (2,989)",-29%,???? ????,Pharmacy 63,Mohamed Erfan,Gizan,Southern Region,Street,
Jan-25,4442,1211,MILK POWDER," 2,481 ", 285 ,11%,???? ????,Pharmacy 63,Mohamed Erfan,Gizan,Southern Region,Street,
Jan-25,4442,2001,FOOD SUPLEMENTS, 169 , 67 ,40%,???? ????,Pharmacy 63,Mohamed Erfan,Gizan,Southern Region,Street,
Jan-25,4442,2002,CHILD CARE, 790 , 280 ,35%,???? ????,Pharmacy 63,Mohamed Erfan,Gizan,Southern Region,Street,
Jan-25,4442,2003,HAIR CARE," 1,979 ", 565 ,29%,???? ????,Pharmacy 63,Mohamed Erfan,Gizan,Southern Region,Street,
Jan-25,4442,2004,HAIR COLORANTS, 715 , 209 ,29%,???? ????,Pharmacy 63,Mohamed Erfan,Gizan,Southern Region,Street,
Jan-25,4442,2005,MOUTH AND TEETH CARE," 4,054 "," 2,010 ",50%,???? ????,Pharmacy 63,Mohamed Erfan,Gizan,Southern Region,Street,
Jan-25,4442,2006,SKIN CARE," 5,731 "," 1,732 ",30%,???? ????,Pharmacy 63,Mohamed Erfan,Gizan,Southern Region,Street,
Jan-25,4442,2007,MEDICAL APPLIANCES," 12,512 ", (732),-6%,???? ????,Pharmacy 63,Mohamed Erfan,Gizan,Southern Region,Street,
Jan-25,4442,2221,KIDS DIAPERS," 1,739 ", 251 ,14%,???? ????,Pharmacy 63,Mohamed Erfan,Gizan,Southern Region,Street,
Jan-25,4442,2222,FEMALES DIAPERS, 906 , 182 ,20%,???? ????,Pharmacy 63,Mohamed Erfan,Gizan,Southern Region,Street,
Jan-25,4442,2223,ADULT DIAPERS, 587 , 94 ,16%,???? ????,Pharmacy 63,Mohamed Erfan,Gizan,Southern Region,Street,
Jan-25,4442,3001,PREMIUM," 4,678 "," 2,637 ",56%,???? ????,Pharmacy 63,Mohamed Erfan,Gizan,Southern Region,Street,
Jan-25,4442,3002,CHILD-PREMIUM, 155 , 44 ,28%,???? ????,Pharmacy 63,Mohamed Erfan,Gizan,Southern Region,Street,
Jan-25,4442,3003,PERSONAL CARE, 31 , 18 ,57%,???? ????,Pharmacy 63,Mohamed Erfan,Gizan,Southern Region,Street,
Jan-25,4442,3005,MAKE-UP, 114 , 38 ,33%,???? ????,Pharmacy 63,Mohamed Erfan,Gizan,Southern Region,Street,
Jan-25,4442,3201,DECLARE, 743 , 615 ,83%,???? ????,Pharmacy 63,Mohamed Erfan,Gizan,Southern Region,Street,
Jan-25,7374,1001,MEDCINE," 8,537 ", (387),-5%,????,Pharmacy 63,Mohamed Erfan,Gizan,Southern Region,Street,
Jan-25,7374,1002,ANTIBIOTIC," 1,587 ", 462 ,29%,????,Pharmacy 63,Mohamed Erfan,Gizan,Southern Region,Street,
Jan-25,7374,1003,ZERO BOUNS," 2,986 ", (954),-32%,????,Pharmacy 63,Mohamed Erfan,Gizan,Southern Region,Street,
Jan-25,7374,1004,MULTI VITAMIN AND HERBS," 2,894 "," 1,069 ",37%,????,Pharmacy 63,Mohamed Erfan,Gizan,Southern Region,Street,
Jan-25,7374,1005,MEDCINE SP ITEMS," 2,486 ", (890),-36%,????,Pharmacy 63,Mohamed Erfan,Gizan,Southern Region,Street,
Jan-25,7374,1211,MILK POWDER, 448 , 58 ,13%,????,Pharmacy 63,Mohamed Erfan,Gizan,Southern Region,Street,
Jan-25,7374,2001,FOOD SUPLEMENTS, 32 , 12 ,37%,????,Pharmacy 63,Mohamed Erfan,Gizan,Southern Region,Street,
Jan-25,7374,2002,CHILD CARE, 121 , 37 ,30%,????,Pharmacy 63,Mohamed Erfan,Gizan,Southern Region,Street,
Jan-25,7374,2003,HAIR CARE, 270 , 75 ,28%,????,Pharmacy 63,Mohamed Erfan,Gizan,Southern Region,Street,
Jan-25,7374,2004,HAIR COLORANTS, 211 , 77 ,37%,????,Pharmacy 63,Mohamed Erfan,Gizan,Southern Region,Street,
Jan-25,7374,2005,MOUTH AND TEETH CARE, 421 , 191 ,45%,????,Pharmacy 63,Mohamed Erfan,Gizan,Southern Region,Street,
Jan-25,7374,2006,SKIN CARE, 471 , 123 ,26%,????,Pharmacy 63,Mohamed Erfan,Gizan,Southern Region,Street,
Jan-25,7374,2007,MEDICAL APPLIANCES," 3,425 ", (693),-20%,????,Pharmacy 63,Mohamed Erfan,Gizan,Southern Region,Street,
Jan-25,7374,2221,KIDS DIAPERS, 283 , 62 ,22%,????,Pharmacy 63,Mohamed Erfan,Gizan,Southern Region,Street,
Jan-25,7374,2222,FEMALES DIAPERS, 132 , 42 ,32%,????,Pharmacy 63,Mohamed Erfan,Gizan,Southern Region,Street,
Jan-25,7374,2223,ADULT DIAPERS, 136 , 28 ,20%,????,Pharmacy 63,Mohamed Erfan,Gizan,Southern Region,Street,
Jan-25,7374,3001,PREMIUM," 1,088 ", 469 ,43%,????,Pharmacy 63,Mohamed Erfan,Gizan,Southern Region,Street,
Jan-25,7374,3005,MAKE-UP, 7 , 2 ,28%,????,Pharmacy 63,Mohamed Erfan,Gizan,Southern Region,Street,
Jan-25,7403,1001,MEDCINE," 10,513 ", 122 ,1%,Salwa Ahmed,Pharmacy 63,Mohamed Erfan,Gizan,Southern Region,Street,
Jan-25,7403,1002,ANTIBIOTIC," 1,725 ", 329 ,19%,Salwa Ahmed,Pharmacy 63,Mohamed Erfan,Gizan,Southern Region,Street,
Jan-25,7403,1003,ZERO BOUNS," 3,962 ", (200),-5%,Salwa Ahmed,Pharmacy 63,Mohamed Erfan,Gizan,Southern Region,Street,
Jan-25,7403,1004,MULTI VITAMIN AND HERBS," 2,876 "," 1,400 ",49%,Salwa Ahmed,Pharmacy 63,Mohamed Erfan,Gizan,Southern Region,Street,
Jan-25,7403,1005,MEDCINE SP ITEMS," 2,881 ", (755),-26%,Salwa Ahmed,Pharmacy 63,Mohamed Erfan,Gizan,Southern Region,Street,
Jan-25,7403,1211,MILK POWDER, 89 , 10 ,11%,Salwa Ahmed,Pharmacy 63,Mohamed Erfan,Gizan,Southern Region,Street,
Jan-25,7403,2001,FOOD SUPLEMENTS, 105 , 38 ,36%,Salwa Ahmed,Pharmacy 63,Mohamed Erfan,Gizan,Southern Region,Street,
Jan-25,7403,2002,CHILD CARE, 74 , 34 ,46%,Salwa Ahmed,Pharmacy 63,Mohamed Erfan,Gizan,Southern Region,Street,
Jan-25,7403,2003,HAIR CARE, 43 , 12 ,27%,Salwa Ahmed,Pharmacy 63,Mohamed Erfan,Gizan,Southern Region,Street,
Jan-25,7403,2004,HAIR COLORANTS, 159 , 45 ,28%,Salwa Ahmed,Pharmacy 63,Mohamed Erfan,Gizan,Southern Region,Street,
Jan-25,7403,2005,MOUTH AND TEETH CARE, 427 , 173 ,41%,Salwa Ahmed,Pharmacy 63,Mohamed Erfan,Gizan,Southern Region,Street,
Jan-25,7403,2006,SKIN CARE, 729 , 286 ,39%,Salwa Ahmed,Pharmacy 63,Mohamed Erfan,Gizan,Southern Region,Street,
Jan-25,7403,2007,MEDICAL APPLIANCES," 10,720 ", (783),-7%,Salwa Ahmed,Pharmacy 63,Mohamed Erfan,Gizan,Southern Region,Street,
Jan-25,7403,2221,KIDS DIAPERS, 316 , 76 ,24%,Salwa Ahmed,Pharmacy 63,Mohamed Erfan,Gizan,Southern Region,Street,
Jan-25,7403,2222,FEMALES DIAPERS, 141 , 41 ,29%,Salwa Ahmed,Pharmacy 63,Mohamed Erfan,Gizan,Southern Region,Street,
Jan-25,7403,2223,ADULT DIAPERS, 62 , 10 ,16%,Salwa Ahmed,Pharmacy 63,Mohamed Erfan,Gizan,Southern Region,Street,
Jan-25,7403,3001,PREMIUM, 260 , 138 ,53%,Salwa Ahmed,Pharmacy 63,Mohamed Erfan,Gizan,Southern Region,Street,
Jan-25,7403,3003,PERSONAL CARE, 13 , 7 ,55%,Salwa Ahmed,Pharmacy 63,Mohamed Erfan,Gizan,Southern Region,Street,
Jan-25,4385,1001,MEDCINE," 48,301 "," 17,357 ",36%,???? ????,Pharmacy 64,Mohamed Erfan,Gizan,Southern Region,Street,
Jan-25,4385,1002,ANTIBIOTIC," 8,263 "," 2,674 ",32%,???? ????,Pharmacy 64,Mohamed Erfan,Gizan,Southern Region,Street,
Jan-25,4385,1003,ZERO BOUNS," 16,442 "," 2,351 ",14%,???? ????,Pharmacy 64,Mohamed Erfan,Gizan,Southern Region,Street,
Jan-25,4385,1004,MULTI VITAMIN AND HERBS," 12,722 "," 7,051 ",55%,???? ????,Pharmacy 64,Mohamed Erfan,Gizan,Southern Region,Street,
Jan-25,4385,1005,MEDCINE SP ITEMS," 4,024 ", (410),-10%,???? ????,Pharmacy 64,Mohamed Erfan,Gizan,Southern Region,Street,
Jan-25,4385,1211,MILK POWDER," 13,339 "," 1,328 ",10%,???? ????,Pharmacy 64,Mohamed Erfan,Gizan,Southern Region,Street,
Jan-25,4385,2001,FOOD SUPLEMENTS, 399 , 145 ,36%,???? ????,Pharmacy 64,Mohamed Erfan,Gizan,Southern Region,Street,
Jan-25,4385,2002,CHILD CARE," 2,287 ", 956 ,42%,???? ????,Pharmacy 64,Mohamed Erfan,Gizan,Southern Region,Street,
Jan-25,4385,2003,HAIR CARE," 2,640 ", 505 ,19%,???? ????,Pharmacy 64,Mohamed Erfan,Gizan,Southern Region,Street,
Jan-25,4385,2004,HAIR COLORANTS, 893 , 113 ,13%,???? ????,Pharmacy 64,Mohamed Erfan,Gizan,Southern Region,Street,
Jan-25,4385,2005,MOUTH AND TEETH CARE," 4,078 "," 2,092 ",51%,???? ????,Pharmacy 64,Mohamed Erfan,Gizan,Southern Region,Street,
Jan-25,4385,2006,SKIN CARE," 8,786 "," 2,930 ",33%,???? ????,Pharmacy 64,Mohamed Erfan,Gizan,Southern Region,Street,
Jan-25,4385,2007,MEDICAL APPLIANCES," 10,231 "," 1,702 ",17%,???? ????,Pharmacy 64,Mohamed Erfan,Gizan,Southern Region,Street,
Jan-25,4385,2221,KIDS DIAPERS," 5,684 ", 677 ,12%,???? ????,Pharmacy 64,Mohamed Erfan,Gizan,Southern Region,Street,
Jan-25,4385,2222,FEMALES DIAPERS," 1,302 ", 291 ,22%,???? ????,Pharmacy 64,Mohamed Erfan,Gizan,Southern Region,Street,
Jan-25,4385,2223,ADULT DIAPERS, 928 , 74 ,8%,???? ????,Pharmacy 64,Mohamed Erfan,Gizan,Southern Region,Street,
Jan-25,4385,3001,PREMIUM," 4,755 "," 2,684 ",56%,???? ????,Pharmacy 64,Mohamed Erfan,Gizan,Southern Region,Street,
Jan-25,4385,3002,CHILD-PREMIUM, 421 , 258 ,61%,???? ????,Pharmacy 64,Mohamed Erfan,Gizan,Southern Region,Street,
Jan-25,4385,3003,PERSONAL CARE, 126 , 80 ,63%,???? ????,Pharmacy 64,Mohamed Erfan,Gizan,Southern Region,Street,
Jan-25,4385,3004,HEALTHY AND DIET FOOD, 222 , 122 ,55%,???? ????,Pharmacy 64,Mohamed Erfan,Gizan,Southern Region,Street,
Jan-25,4385,3005,MAKE-UP, 346 , 136 ,39%,???? ????,Pharmacy 64,Mohamed Erfan,Gizan,Southern Region,Street,
Jan-25,4385,3201,DECLARE, 646 , 524 ,81%,???? ????,Pharmacy 64,Mohamed Erfan,Gizan,Southern Region,Street,
Jan-25,4428,1001,MEDCINE," 36,494 "," 13,756 ",38%,Wafaa Sobhy,Pharmacy 64,Mohamed Erfan,Gizan,Southern Region,Street,
Jan-25,4428,1002,ANTIBIOTIC," 9,095 "," 3,517 ",39%,Wafaa Sobhy,Pharmacy 64,Mohamed Erfan,Gizan,Southern Region,Street,
Jan-25,4428,1003,ZERO BOUNS," 12,742 "," 1,550 ",12%,Wafaa Sobhy,Pharmacy 64,Mohamed Erfan,Gizan,Southern Region,Street,
Jan-25,4428,1004,MULTI VITAMIN AND HERBS," 12,628 "," 6,503 ",51%,Wafaa Sobhy,Pharmacy 64,Mohamed Erfan,Gizan,Southern Region,Street,
Jan-25,4428,1005,MEDCINE SP ITEMS," 6,043 "," (1,594)",-26%,Wafaa Sobhy,Pharmacy 64,Mohamed Erfan,Gizan,Southern Region,Street,
Jan-25,4428,1211,MILK POWDER," 13,221 "," 1,235 ",9%,Wafaa Sobhy,Pharmacy 64,Mohamed Erfan,Gizan,Southern Region,Street,
Jan-25,4428,2001,FOOD SUPLEMENTS, 264 , 99 ,38%,Wafaa Sobhy,Pharmacy 64,Mohamed Erfan,Gizan,Southern Region,Street,
Jan-25,4428,2002,CHILD CARE," 2,438 "," 1,006 ",41%,Wafaa Sobhy,Pharmacy 64,Mohamed Erfan,Gizan,Southern Region,Street,
Jan-25,4428,2003,HAIR CARE," 2,350 ", 376 ,16%,Wafaa Sobhy,Pharmacy 64,Mohamed Erfan,Gizan,Southern Region,Street,
Jan-25,4428,2004,HAIR COLORANTS, 568 , 128 ,23%,Wafaa Sobhy,Pharmacy 64,Mohamed Erfan,Gizan,Southern Region,Street,
Jan-25,4428,2005,MOUTH AND TEETH CARE," 4,185 "," 2,003 ",48%,Wafaa Sobhy,Pharmacy 64,Mohamed Erfan,Gizan,Southern Region,Street,
Jan-25,4428,2006,SKIN CARE," 6,975 "," 2,359 ",34%,Wafaa Sobhy,Pharmacy 64,Mohamed Erfan,Gizan,Southern Region,Street,
Jan-25,4428,2007,MEDICAL APPLIANCES," 10,439 "," 3,080 ",30%,Wafaa Sobhy,Pharmacy 64,Mohamed Erfan,Gizan,Southern Region,Street,
Jan-25,4428,2221,KIDS DIAPERS," 7,379 ", 935 ,13%,Wafaa Sobhy,Pharmacy 64,Mohamed Erfan,Gizan,Southern Region,Street,
Jan-25,4428,2222,FEMALES DIAPERS," 1,321 ", 286 ,22%,Wafaa Sobhy,Pharmacy 64,Mohamed Erfan,Gizan,Southern Region,Street,
Jan-25,4428,2223,ADULT DIAPERS, 682 , 128 ,19%,Wafaa Sobhy,Pharmacy 64,Mohamed Erfan,Gizan,Southern Region,Street,
Jan-25,4428,3001,PREMIUM," 4,290 "," 2,432 ",57%,Wafaa Sobhy,Pharmacy 64,Mohamed Erfan,Gizan,Southern Region,Street,
Jan-25,4428,3002,CHILD-PREMIUM, 524 , 340 ,65%,Wafaa Sobhy,Pharmacy 64,Mohamed Erfan,Gizan,Southern Region,Street,
Jan-25,4428,3003,PERSONAL CARE, 132 , 84 ,63%,Wafaa Sobhy,Pharmacy 64,Mohamed Erfan,Gizan,Southern Region,Street,
Jan-25,4428,3004,HEALTHY AND DIET FOOD, 123 , 42 ,34%,Wafaa Sobhy,Pharmacy 64,Mohamed Erfan,Gizan,Southern Region,Street,
Jan-25,4428,3005,MAKE-UP, 126 , 47 ,37%,Wafaa Sobhy,Pharmacy 64,Mohamed Erfan,Gizan,Southern Region,Street,
Jan-25,4428,3201,DECLARE, 813 , 661 ,81%,Wafaa Sobhy,Pharmacy 64,Mohamed Erfan,Gizan,Southern Region,Street,
Jan-25,7986,1001,MEDCINE," 5,886 ", 450 ,8%,Wael Rady,Pharmacy 64,Mohamed Erfan,Gizan,Southern Region,Street,
Jan-25,7986,1002,ANTIBIOTIC," 1,769 ", 203 ,11%,Wael Rady,Pharmacy 64,Mohamed Erfan,Gizan,Southern Region,Street,
Jan-25,7986,1003,ZERO BOUNS," 1,510 ", (565),-37%,Wael Rady,Pharmacy 64,Mohamed Erfan,Gizan,Southern Region,Street,
Jan-25,7986,1004,MULTI VITAMIN AND HERBS, 776 , 196 ,25%,Wael Rady,Pharmacy 64,Mohamed Erfan,Gizan,Southern Region,Street,
Jan-25,7986,1005,MEDCINE SP ITEMS," 1,680 ", (871),-52%,Wael Rady,Pharmacy 64,Mohamed Erfan,Gizan,Southern Region,Street,
Jan-25,7986,1211,MILK POWDER, 264 , 22 ,9%,Wael Rady,Pharmacy 64,Mohamed Erfan,Gizan,Southern Region,Street,
Jan-25,7986,2002,CHILD CARE, 96 , 28 ,29%,Wael Rady,Pharmacy 64,Mohamed Erfan,Gizan,Southern Region,Street,
Jan-25,7986,2003,HAIR CARE, 129 , 15 ,12%,Wael Rady,Pharmacy 64,Mohamed Erfan,Gizan,Southern Region,Street,
Jan-25,7986,2004,HAIR COLORANTS, 45 , (8),-18%,Wael Rady,Pharmacy 64,Mohamed Erfan,Gizan,Southern Region,Street,
Jan-25,7986,2005,MOUTH AND TEETH CARE, 134 , 78 ,58%,Wael Rady,Pharmacy 64,Mohamed Erfan,Gizan,Southern Region,Street,
Jan-25,7986,2006,SKIN CARE, 228 , 67 ,29%,Wael Rady,Pharmacy 64,Mohamed Erfan,Gizan,Southern Region,Street,
Jan-25,7986,2007,MEDICAL APPLIANCES," 1,697 ", (822),-48%,Wael Rady,Pharmacy 64,Mohamed Erfan,Gizan,Southern Region,Street,
Jan-25,7986,2222,FEMALES DIAPERS, 28 , 6 ,21%,Wael Rady,Pharmacy 64,Mohamed Erfan,Gizan,Southern Region,Street,
Jan-25,7986,3001,PREMIUM, 360 , 199 ,55%,Wael Rady,Pharmacy 64,Mohamed Erfan,Gizan,Southern Region,Street,
Jan-25,7986,3005,MAKE-UP, 30 , 9 ,28%,Wael Rady,Pharmacy 64,Mohamed Erfan,Gizan,Southern Region,Street,
Jan-25,4277,1001,MEDCINE," 27,420 "," 2,205 ",8%,???,Pharmacy 65,Mohamed Erfan,Gizan,Southern Region,Street,
Jan-25,4277,1002,ANTIBIOTIC," 3,369 ", 106 ,3%,???,Pharmacy 65,Mohamed Erfan,Gizan,Southern Region,Street,
Jan-25,4277,1003,ZERO BOUNS," 8,958 ", (130),-1%,???,Pharmacy 65,Mohamed Erfan,Gizan,Southern Region,Street,
Jan-25,4277,1004,MULTI VITAMIN AND HERBS," 6,497 "," 2,716 ",42%,???,Pharmacy 65,Mohamed Erfan,Gizan,Southern Region,Street,
Jan-25,4277,1005,MEDCINE SP ITEMS," 9,656 "," (3,363)",-35%,???,Pharmacy 65,Mohamed Erfan,Gizan,Southern Region,Street,
Jan-25,4277,1211,MILK POWDER," 6,348 ", 671 ,11%,???,Pharmacy 65,Mohamed Erfan,Gizan,Southern Region,Street,
Jan-25,4277,2001,FOOD SUPLEMENTS, 270 , 107 ,40%,???,Pharmacy 65,Mohamed Erfan,Gizan,Southern Region,Street,
Jan-25,4277,2002,CHILD CARE," 1,224 ", 435 ,36%,???,Pharmacy 65,Mohamed Erfan,Gizan,Southern Region,Street,
Jan-25,4277,2003,HAIR CARE," 1,491 ", 192 ,13%,???,Pharmacy 65,Mohamed Erfan,Gizan,Southern Region,Street,
Jan-25,4277,2004,HAIR COLORANTS, 947 , 217 ,23%,???,Pharmacy 65,Mohamed Erfan,Gizan,Southern Region,Street,
Jan-25,4277,2005,MOUTH AND TEETH CARE," 2,599 "," 1,159 ",45%,???,Pharmacy 65,Mohamed Erfan,Gizan,Southern Region,Street,
Jan-25,4277,2006,SKIN CARE," 6,127 "," 1,399 ",23%,???,Pharmacy 65,Mohamed Erfan,Gizan,Southern Region,Street,
Jan-25,4277,2007,MEDICAL APPLIANCES," 5,870 ", 372 ,6%,???,Pharmacy 65,Mohamed Erfan,Gizan,Southern Region,Street,
Jan-25,4277,2221,KIDS DIAPERS," 3,327 ", 370 ,11%,???,Pharmacy 65,Mohamed Erfan,Gizan,Southern Region,Street,
Jan-25,4277,2222,FEMALES DIAPERS," 1,345 ", 292 ,22%,???,Pharmacy 65,Mohamed Erfan,Gizan,Southern Region,Street,
Jan-25,4277,2223,ADULT DIAPERS," 1,094 ", 162 ,15%,???,Pharmacy 65,Mohamed Erfan,Gizan,Southern Region,Street,
Jan-25,4277,3001,PREMIUM," 2,500 "," 1,325 ",53%,???,Pharmacy 65,Mohamed Erfan,Gizan,Southern Region,Street,
Jan-25,4277,3002,CHILD-PREMIUM, 74 , 13 ,18%,???,Pharmacy 65,Mohamed Erfan,Gizan,Southern Region,Street,
Jan-25,4277,3003,PERSONAL CARE, 35 , 21 ,59%,???,Pharmacy 65,Mohamed Erfan,Gizan,Southern Region,Street,
Jan-25,4277,3004,HEALTHY AND DIET FOOD, 343 , 193 ,56%,???,Pharmacy 65,Mohamed Erfan,Gizan,Southern Region,Street,
Jan-25,4277,3005,MAKE-UP, 87 , 32 ,36%,???,Pharmacy 65,Mohamed Erfan,Gizan,Southern Region,Street,
Jan-25,4277,3201,DECLARE, 371 , 299 ,81%,???,Pharmacy 65,Mohamed Erfan,Gizan,Southern Region,Street,
Jan-25,7777,1001,MEDCINE," 13,168 "," (1,017)",-8%,???? ???? ?????  ,Pharmacy 65,Mohamed Erfan,Gizan,Southern Region,Street,
Jan-25,7777,1002,ANTIBIOTIC," 2,206 ", 157 ,7%,???? ???? ?????  ,Pharmacy 65,Mohamed Erfan,Gizan,Southern Region,Street,
Jan-25,7777,1003,ZERO BOUNS," 3,355 ", (909),-27%,???? ???? ?????  ,Pharmacy 65,Mohamed Erfan,Gizan,Southern Region,Street,
Jan-25,7777,1004,MULTI VITAMIN AND HERBS," 1,950 ", 688 ,35%,???? ???? ?????  ,Pharmacy 65,Mohamed Erfan,Gizan,Southern Region,Street,
Jan-25,7777,1005,MEDCINE SP ITEMS," 5,505 "," (1,955)",-36%,???? ???? ?????  ,Pharmacy 65,Mohamed Erfan,Gizan,Southern Region,Street,
Jan-25,7777,1211,MILK POWDER," 1,363 ", 163 ,12%,???? ???? ?????  ,Pharmacy 65,Mohamed Erfan,Gizan,Southern Region,Street,
Jan-25,7777,2001,FOOD SUPLEMENTS, 76 , 25 ,33%,???? ???? ?????  ,Pharmacy 65,Mohamed Erfan,Gizan,Southern Region,Street,
Jan-25,7777,2002,CHILD CARE, 317 , 91 ,29%,???? ???? ?????  ,Pharmacy 65,Mohamed Erfan,Gizan,Southern Region,Street,
Jan-25,7777,2003,HAIR CARE, 477 , 90 ,19%,???? ???? ?????  ,Pharmacy 65,Mohamed Erfan,Gizan,Southern Region,Street,
Jan-25,7777,2004,HAIR COLORANTS, 275 , 87 ,32%,???? ???? ?????  ,Pharmacy 65,Mohamed Erfan,Gizan,Southern Region,Street,
Jan-25,7777,2005,MOUTH AND TEETH CARE, 516 , 162 ,31%,???? ???? ?????  ,Pharmacy 65,Mohamed Erfan,Gizan,Southern Region,Street,
Jan-25,7777,2006,SKIN CARE," 1,446 ", 244 ,17%,???? ???? ?????  ,Pharmacy 65,Mohamed Erfan,Gizan,Southern Region,Street,
Jan-25,7777,2007,MEDICAL APPLIANCES," 4,193 "," (1,809)",-43%,???? ???? ?????  ,Pharmacy 65,Mohamed Erfan,Gizan,Southern Region,Street,
Jan-25,7777,2221,KIDS DIAPERS," 1,194 ", 204 ,17%,???? ???? ?????  ,Pharmacy 65,Mohamed Erfan,Gizan,Southern Region,Street,
Jan-25,7777,2222,FEMALES DIAPERS, 95 , 19 ,20%,???? ???? ?????  ,Pharmacy 65,Mohamed Erfan,Gizan,Southern Region,Street,
Jan-25,7777,2223,ADULT DIAPERS, 321 , 84 ,26%,???? ???? ?????  ,Pharmacy 65,Mohamed Erfan,Gizan,Southern Region,Street,
Jan-25,7777,3001,PREMIUM, 374 , 64 ,17%,???? ???? ?????  ,Pharmacy 65,Mohamed Erfan,Gizan,Southern Region,Street,
Jan-25,7777,3005,MAKE-UP, 55 , 19 ,35%,???? ???? ?????  ,Pharmacy 65,Mohamed Erfan,Gizan,Southern Region,Street,
Jan-25,7777,3201,DECLARE, 49 , 40 ,82%,???? ???? ?????  ,Pharmacy 65,Mohamed Erfan,Gizan,Southern Region,Street,
Jan-25,7863,1001,MEDCINE," 9,171 ", 109 ,1%,??? ???? ????,Pharmacy 65,Mohamed Erfan,Gizan,Southern Region,Street,
Jan-25,7863,1002,ANTIBIOTIC," 1,746 ", 187 ,11%,??? ???? ????,Pharmacy 65,Mohamed Erfan,Gizan,Southern Region,Street,
Jan-25,7863,1003,ZERO BOUNS," 3,235 ", (477),-15%,??? ???? ????,Pharmacy 65,Mohamed Erfan,Gizan,Southern Region,Street,
Jan-25,7863,1004,MULTI VITAMIN AND HERBS," 1,179 ", 180 ,15%,??? ???? ????,Pharmacy 65,Mohamed Erfan,Gizan,Southern Region,Street,
Jan-25,7863,1005,MEDCINE SP ITEMS," 2,681 ", (981),-37%,??? ???? ????,Pharmacy 65,Mohamed Erfan,Gizan,Southern Region,Street,
Jan-25,7863,1211,MILK POWDER," 2,001 ", 204 ,10%,??? ???? ????,Pharmacy 65,Mohamed Erfan,Gizan,Southern Region,Street,
Jan-25,7863,2001,FOOD SUPLEMENTS, 116 , 39 ,34%,??? ???? ????,Pharmacy 65,Mohamed Erfan,Gizan,Southern Region,Street,
Jan-25,7863,2002,CHILD CARE, 219 , 97 ,44%,??? ???? ????,Pharmacy 65,Mohamed Erfan,Gizan,Southern Region,Street,
Jan-25,7863,2003,HAIR CARE, 162 , 36 ,23%,??? ???? ????,Pharmacy 65,Mohamed Erfan,Gizan,Southern Region,Street,
Jan-25,7863,2004,HAIR COLORANTS, 157 , 59 ,37%,??? ???? ????,Pharmacy 65,Mohamed Erfan,Gizan,Southern Region,Street,
Jan-25,7863,2005,MOUTH AND TEETH CARE, 756 , 345 ,46%,??? ???? ????,Pharmacy 65,Mohamed Erfan,Gizan,Southern Region,Street,
Jan-25,7863,2006,SKIN CARE," 1,267 ", 382 ,30%,??? ???? ????,Pharmacy 65,Mohamed Erfan,Gizan,Southern Region,Street,
Jan-25,7863,2007,MEDICAL APPLIANCES, 930 , (324),-35%,??? ???? ????,Pharmacy 65,Mohamed Erfan,Gizan,Southern Region,Street,
Jan-25,7863,2221,KIDS DIAPERS, 622 , 299 ,48%,??? ???? ????,Pharmacy 65,Mohamed Erfan,Gizan,Southern Region,Street,
Jan-25,7863,2222,FEMALES DIAPERS, 347 , 49 ,14%,??? ???? ????,Pharmacy 65,Mohamed Erfan,Gizan,Southern Region,Street,
Jan-25,7863,2223,ADULT DIAPERS, 372 , 47 ,13%,??? ???? ????,Pharmacy 65,Mohamed Erfan,Gizan,Southern Region,Street,
Jan-25,7863,3001,PREMIUM, 510 , 137 ,27%,??? ???? ????,Pharmacy 65,Mohamed Erfan,Gizan,Southern Region,Street,
Jan-25,4554,1001,MEDCINE," 78,040 "," 18,132 ",23%,Soliman Saad,Pharmacy 66,Mohamed Erfan,Gizan,Southern Region,Street,
Jan-25,4554,1002,ANTIBIOTIC," 9,395 "," 2,585 ",28%,Soliman Saad,Pharmacy 66,Mohamed Erfan,Gizan,Southern Region,Street,
Jan-25,4554,1003,ZERO BOUNS," 23,159 "," 1,125 ",5%,Soliman Saad,Pharmacy 66,Mohamed Erfan,Gizan,Southern Region,Street,
Jan-25,4554,1004,MULTI VITAMIN AND HERBS," 14,731 "," 7,431 ",50%,Soliman Saad,Pharmacy 66,Mohamed Erfan,Gizan,Southern Region,Street,
Jan-25,4554,1005,MEDCINE SP ITEMS," 8,156 "," (2,017)",-25%,Soliman Saad,Pharmacy 66,Mohamed Erfan,Gizan,Southern Region,Street,
Jan-25,4554,1211,MILK POWDER," 11,549 "," 1,078 ",9%,Soliman Saad,Pharmacy 66,Mohamed Erfan,Gizan,Southern Region,Street,
Jan-25,4554,2001,FOOD SUPLEMENTS, 893 , 284 ,32%,Soliman Saad,Pharmacy 66,Mohamed Erfan,Gizan,Southern Region,Street,
Jan-25,4554,2002,CHILD CARE," 3,912 "," 1,518 ",39%,Soliman Saad,Pharmacy 66,Mohamed Erfan,Gizan,Southern Region,Street,
Jan-25,4554,2003,HAIR CARE," 5,665 "," 1,388 ",24%,Soliman Saad,Pharmacy 66,Mohamed Erfan,Gizan,Southern Region,Street,
Jan-25,4554,2004,HAIR COLORANTS," 2,399 ", 623 ,26%,Soliman Saad,Pharmacy 66,Mohamed Erfan,Gizan,Southern Region,Street,
Jan-25,4554,2005,MOUTH AND TEETH CARE," 6,492 "," 2,789 ",43%,Soliman Saad,Pharmacy 66,Mohamed Erfan,Gizan,Southern Region,Street,
Jan-25,4554,2006,SKIN CARE," 15,718 "," 4,737 ",30%,Soliman Saad,Pharmacy 66,Mohamed Erfan,Gizan,Southern Region,Street,
Jan-25,4554,2007,MEDICAL APPLIANCES," 13,268 "," (2,028)",-15%,Soliman Saad,Pharmacy 66,Mohamed Erfan,Gizan,Southern Region,Street,
Jan-25,4554,2221,KIDS DIAPERS," 7,965 "," 1,131 ",14%,Soliman Saad,Pharmacy 66,Mohamed Erfan,Gizan,Southern Region,Street,
Jan-25,4554,2222,FEMALES DIAPERS," 4,075 ", 945 ,23%,Soliman Saad,Pharmacy 66,Mohamed Erfan,Gizan,Southern Region,Street,
Jan-25,4554,2223,ADULT DIAPERS," 1,213 ", 476 ,39%,Soliman Saad,Pharmacy 66,Mohamed Erfan,Gizan,Southern Region,Street,
Jan-25,4554,3001,PREMIUM," 5,090 "," 2,551 ",50%,Soliman Saad,Pharmacy 66,Mohamed Erfan,Gizan,Southern Region,Street,
Jan-25,4554,3002,CHILD-PREMIUM, 242 , 77 ,32%,Soliman Saad,Pharmacy 66,Mohamed Erfan,Gizan,Southern Region,Street,
Jan-25,4554,3003,PERSONAL CARE, 813 , 216 ,27%,Soliman Saad,Pharmacy 66,Mohamed Erfan,Gizan,Southern Region,Street,
Jan-25,4554,3004,HEALTHY AND DIET FOOD, 267 , 134 ,50%,Soliman Saad,Pharmacy 66,Mohamed Erfan,Gizan,Southern Region,Street,
Jan-25,4554,3005,MAKE-UP, 187 , 86 ,46%,Soliman Saad,Pharmacy 66,Mohamed Erfan,Gizan,Southern Region,Street,
Jan-25,4554,3201,DECLARE, 410 , 310 ,76%,Soliman Saad,Pharmacy 66,Mohamed Erfan,Gizan,Southern Region,Street,
Jan-25,4704,1001,MEDCINE," 58,273 "," 16,433 ",28%,????? ????? ,Pharmacy 66,Mohamed Erfan,Gizan,Southern Region,Street,
Jan-25,4704,1002,ANTIBIOTIC," 6,840 "," 2,533 ",37%,????? ????? ,Pharmacy 66,Mohamed Erfan,Gizan,Southern Region,Street,
Jan-25,4704,1003,ZERO BOUNS," 20,409 "," 1,869 ",9%,????? ????? ,Pharmacy 66,Mohamed Erfan,Gizan,Southern Region,Street,
Jan-25,4704,1004,MULTI VITAMIN AND HERBS," 13,564 "," 7,550 ",56%,????? ????? ,Pharmacy 66,Mohamed Erfan,Gizan,Southern Region,Street,
Jan-25,4704,1005,MEDCINE SP ITEMS," 2,292 ", (362),-16%,????? ????? ,Pharmacy 66,Mohamed Erfan,Gizan,Southern Region,Street,
Jan-25,4704,1211,MILK POWDER," 10,067 ", 947 ,9%,????? ????? ,Pharmacy 66,Mohamed Erfan,Gizan,Southern Region,Street,
Jan-25,4704,2001,FOOD SUPLEMENTS, 591 , 195 ,33%,????? ????? ,Pharmacy 66,Mohamed Erfan,Gizan,Southern Region,Street,
Jan-25,4704,2002,CHILD CARE," 2,808 "," 1,102 ",39%,????? ????? ,Pharmacy 66,Mohamed Erfan,Gizan,Southern Region,Street,
Jan-25,4704,2003,HAIR CARE," 4,449 "," 1,068 ",24%,????? ????? ,Pharmacy 66,Mohamed Erfan,Gizan,Southern Region,Street,
Jan-25,4704,2004,HAIR COLORANTS," 2,468 ", 688 ,28%,????? ????? ,Pharmacy 66,Mohamed Erfan,Gizan,Southern Region,Street,
Jan-25,4704,2005,MOUTH AND TEETH CARE," 5,633 "," 2,649 ",47%,????? ????? ,Pharmacy 66,Mohamed Erfan,Gizan,Southern Region,Street,
Jan-25,4704,2006,SKIN CARE," 14,078 "," 4,568 ",32%,????? ????? ,Pharmacy 66,Mohamed Erfan,Gizan,Southern Region,Street,
Jan-25,4704,2007,MEDICAL APPLIANCES," 6,938 "," 1,672 ",24%,????? ????? ,Pharmacy 66,Mohamed Erfan,Gizan,Southern Region,Street,
Jan-25,4704,2221,KIDS DIAPERS," 5,486 ", 896 ,16%,????? ????? ,Pharmacy 66,Mohamed Erfan,Gizan,Southern Region,Street,
Jan-25,4704,2222,FEMALES DIAPERS," 3,077 ", 744 ,24%,????? ????? ,Pharmacy 66,Mohamed Erfan,Gizan,Southern Region,Street,
Jan-25,4704,2223,ADULT DIAPERS, 999 , 441 ,44%,????? ????? ,Pharmacy 66,Mohamed Erfan,Gizan,Southern Region,Street,
Jan-25,4704,3001,PREMIUM," 3,676 "," 1,701 ",46%,????? ????? ,Pharmacy 66,Mohamed Erfan,Gizan,Southern Region,Street,
Jan-25,4704,3002,CHILD-PREMIUM, 186 , 43 ,23%,????? ????? ,Pharmacy 66,Mohamed Erfan,Gizan,Southern Region,Street,
Jan-25,4704,3003,PERSONAL CARE, 319 , 100 ,31%,????? ????? ,Pharmacy 66,Mohamed Erfan,Gizan,Southern Region,Street,
Jan-25,4704,3004,HEALTHY AND DIET FOOD, 135 , 47 ,35%,????? ????? ,Pharmacy 66,Mohamed Erfan,Gizan,Southern Region,Street,
Jan-25,4704,3005,MAKE-UP, 442 , 201 ,46%,????? ????? ,Pharmacy 66,Mohamed Erfan,Gizan,Southern Region,Street,
Jan-25,4704,3201,DECLARE, 922 , 692 ,75%,????? ????? ,Pharmacy 66,Mohamed Erfan,Gizan,Southern Region,Street,
Jan-25,4281,1001,MEDCINE," 42,974 "," 14,764 ",34%,??? ???? ???? ,Pharmacy 67,Mohamed Erfan,Gizan,Southern Region,Street,
Jan-25,4281,1002,ANTIBIOTIC," 6,551 "," 2,136 ",33%,??? ???? ???? ,Pharmacy 67,Mohamed Erfan,Gizan,Southern Region,Street,
Jan-25,4281,1003,ZERO BOUNS," 19,930 "," 1,910 ",10%,??? ???? ???? ,Pharmacy 67,Mohamed Erfan,Gizan,Southern Region,Street,
Jan-25,4281,1004,MULTI VITAMIN AND HERBS," 15,130 "," 7,820 ",52%,??? ???? ???? ,Pharmacy 67,Mohamed Erfan,Gizan,Southern Region,Street,
Jan-25,4281,1005,MEDCINE SP ITEMS," 5,488 ", (740),-13%,??? ???? ???? ,Pharmacy 67,Mohamed Erfan,Gizan,Southern Region,Street,
Jan-25,4281,1211,MILK POWDER," 13,076 "," 1,461 ",11%,??? ???? ???? ,Pharmacy 67,Mohamed Erfan,Gizan,Southern Region,Street,
Jan-25,4281,2001,FOOD SUPLEMENTS, 588 , 198 ,34%,??? ???? ???? ,Pharmacy 67,Mohamed Erfan,Gizan,Southern Region,Street,
Jan-25,4281,2002,CHILD CARE," 2,730 ", 971 ,36%,??? ???? ???? ,Pharmacy 67,Mohamed Erfan,Gizan,Southern Region,Street,
Jan-25,4281,2003,HAIR CARE," 3,730 "," 1,051 ",28%,??? ???? ???? ,Pharmacy 67,Mohamed Erfan,Gizan,Southern Region,Street,
Jan-25,4281,2004,HAIR COLORANTS," 1,906 ", 430 ,23%,??? ???? ???? ,Pharmacy 67,Mohamed Erfan,Gizan,Southern Region,Street,
Jan-25,4281,2005,MOUTH AND TEETH CARE," 5,852 "," 2,112 ",36%,??? ???? ???? ,Pharmacy 67,Mohamed Erfan,Gizan,Southern Region,Street,
Jan-25,4281,2006,SKIN CARE," 13,715 "," 4,074 ",30%,??? ???? ???? ,Pharmacy 67,Mohamed Erfan,Gizan,Southern Region,Street,
Jan-25,4281,2007,MEDICAL APPLIANCES," 10,537 "," 3,085 ",29%,??? ???? ???? ,Pharmacy 67,Mohamed Erfan,Gizan,Southern Region,Street,
Jan-25,4281,2221,KIDS DIAPERS," 6,992 ", 902 ,13%,??? ???? ???? ,Pharmacy 67,Mohamed Erfan,Gizan,Southern Region,Street,
Jan-25,4281,2222,FEMALES DIAPERS," 2,250 ", 465 ,21%,??? ???? ???? ,Pharmacy 67,Mohamed Erfan,Gizan,Southern Region,Street,
Jan-25,4281,2223,ADULT DIAPERS, 556 , 135 ,24%,??? ???? ???? ,Pharmacy 67,Mohamed Erfan,Gizan,Southern Region,Street,
Jan-25,4281,3001,PREMIUM," 7,271 "," 3,593 ",49%,??? ???? ???? ,Pharmacy 67,Mohamed Erfan,Gizan,Southern Region,Street,
Jan-25,4281,3002,CHILD-PREMIUM, 558 , 313 ,56%,??? ???? ???? ,Pharmacy 67,Mohamed Erfan,Gizan,Southern Region,Street,
Jan-25,4281,3003,PERSONAL CARE, 81 , 47 ,58%,??? ???? ???? ,Pharmacy 67,Mohamed Erfan,Gizan,Southern Region,Street,
Jan-25,4281,3004,HEALTHY AND DIET FOOD, 305 , 175 ,58%,??? ???? ???? ,Pharmacy 67,Mohamed Erfan,Gizan,Southern Region,Street,
Jan-25,4281,3005,MAKE-UP, 380 , 162 ,43%,??? ???? ???? ,Pharmacy 67,Mohamed Erfan,Gizan,Southern Region,Street,
Jan-25,4281,3201,DECLARE, 290 , 235 ,81%,??? ???? ???? ,Pharmacy 67,Mohamed Erfan,Gizan,Southern Region,Street,
Jan-25,4543,1001,MEDCINE," 29,293 "," 11,724 ",40%,???? ???? ,Pharmacy 67,Mohamed Erfan,Gizan,Southern Region,Street,
Jan-25,4543,1002,ANTIBIOTIC," 4,515 "," 1,817 ",40%,???? ???? ,Pharmacy 67,Mohamed Erfan,Gizan,Southern Region,Street,
Jan-25,4543,1003,ZERO BOUNS," 10,477 "," 1,738 ",17%,???? ???? ,Pharmacy 67,Mohamed Erfan,Gizan,Southern Region,Street,
Jan-25,4543,1004,MULTI VITAMIN AND HERBS," 10,308 "," 4,960 ",48%,???? ???? ,Pharmacy 67,Mohamed Erfan,Gizan,Southern Region,Street,
Jan-25,4543,1005,MEDCINE SP ITEMS," 4,989 ", (817),-16%,???? ???? ,Pharmacy 67,Mohamed Erfan,Gizan,Southern Region,Street,
Jan-25,4543,1211,MILK POWDER," 10,816 "," 1,113 ",10%,???? ???? ,Pharmacy 67,Mohamed Erfan,Gizan,Southern Region,Street,
Jan-25,4543,2001,FOOD SUPLEMENTS, 468 , 224 ,48%,???? ???? ,Pharmacy 67,Mohamed Erfan,Gizan,Southern Region,Street,
Jan-25,4543,2002,CHILD CARE," 2,422 ", 907 ,37%,???? ???? ,Pharmacy 67,Mohamed Erfan,Gizan,Southern Region,Street,
Jan-25,4543,2003,HAIR CARE," 2,923 ", 636 ,22%,???? ???? ,Pharmacy 67,Mohamed Erfan,Gizan,Southern Region,Street,
Jan-25,4543,2004,HAIR COLORANTS," 1,041 ", 278 ,27%,???? ???? ,Pharmacy 67,Mohamed Erfan,Gizan,Southern Region,Street,
Jan-25,4543,2005,MOUTH AND TEETH CARE," 3,817 "," 1,517 ",40%,???? ???? ,Pharmacy 67,Mohamed Erfan,Gizan,Southern Region,Street,
Jan-25,4543,2006,SKIN CARE," 9,315 "," 2,562 ",28%,???? ???? ,Pharmacy 67,Mohamed Erfan,Gizan,Southern Region,Street,
Jan-25,4543,2007,MEDICAL APPLIANCES," 6,902 "," 3,734 ",54%,???? ???? ,Pharmacy 67,Mohamed Erfan,Gizan,Southern Region,Street,
Jan-25,4543,2221,KIDS DIAPERS," 4,551 ", 545 ,12%,???? ???? ,Pharmacy 67,Mohamed Erfan,Gizan,Southern Region,Street,
Jan-25,4543,2222,FEMALES DIAPERS," 1,957 ", 480 ,25%,???? ???? ,Pharmacy 67,Mohamed Erfan,Gizan,Southern Region,Street,
Jan-25,4543,2223,ADULT DIAPERS, 753 , 135 ,18%,???? ???? ,Pharmacy 67,Mohamed Erfan,Gizan,Southern Region,Street,
Jan-25,4543,3001,PREMIUM," 5,605 "," 1,606 ",29%,???? ???? ,Pharmacy 67,Mohamed Erfan,Gizan,Southern Region,Street,
Jan-25,4543,3002,CHILD-PREMIUM, 130 , 72 ,55%,???? ???? ,Pharmacy 67,Mohamed Erfan,Gizan,Southern Region,Street,
Jan-25,4543,3003,PERSONAL CARE, 246 , 127 ,52%,???? ???? ,Pharmacy 67,Mohamed Erfan,Gizan,Southern Region,Street,
Jan-25,4543,3004,HEALTHY AND DIET FOOD, 44 , 17 ,38%,???? ???? ,Pharmacy 67,Mohamed Erfan,Gizan,Southern Region,Street,
Jan-25,4543,3005,MAKE-UP, 367 , 137 ,37%,???? ???? ,Pharmacy 67,Mohamed Erfan,Gizan,Southern Region,Street,
Jan-25,4543,3201,DECLARE, 659 , 497 ,75%,???? ???? ,Pharmacy 67,Mohamed Erfan,Gizan,Southern Region,Street,
Jan-25,4605,1001,MEDCINE," 20,360 "," 7,035 ",35%,???? ???????,Pharmacy 67,Mohamed Erfan,Gizan,Southern Region,Street,
Jan-25,4605,1002,ANTIBIOTIC," 2,040 ", 940 ,46%,???? ???????,Pharmacy 67,Mohamed Erfan,Gizan,Southern Region,Street,
Jan-25,4605,1003,ZERO BOUNS," 10,255 "," 1,436 ",14%,???? ???????,Pharmacy 67,Mohamed Erfan,Gizan,Southern Region,Street,
Jan-25,4605,1004,MULTI VITAMIN AND HERBS," 8,236 "," 3,907 ",47%,???? ???????,Pharmacy 67,Mohamed Erfan,Gizan,Southern Region,Street,
Jan-25,4605,1005,MEDCINE SP ITEMS, 924 , (227),-25%,???? ???????,Pharmacy 67,Mohamed Erfan,Gizan,Southern Region,Street,
Jan-25,4605,1211,MILK POWDER," 7,464 ", 791 ,11%,???? ???????,Pharmacy 67,Mohamed Erfan,Gizan,Southern Region,Street,
Jan-25,4605,2001,FOOD SUPLEMENTS, 336 , 118 ,35%,???? ???????,Pharmacy 67,Mohamed Erfan,Gizan,Southern Region,Street,
Jan-25,4605,2002,CHILD CARE," 1,222 ", 430 ,35%,???? ???????,Pharmacy 67,Mohamed Erfan,Gizan,Southern Region,Street,
Jan-25,4605,2003,HAIR CARE," 1,865 ", 502 ,27%,???? ???????,Pharmacy 67,Mohamed Erfan,Gizan,Southern Region,Street,
Jan-25,4605,2004,HAIR COLORANTS," 1,164 ", 350 ,30%,???? ???????,Pharmacy 67,Mohamed Erfan,Gizan,Southern Region,Street,
Jan-25,4605,2005,MOUTH AND TEETH CARE," 1,977 ", 680 ,34%,???? ???????,Pharmacy 67,Mohamed Erfan,Gizan,Southern Region,Street,
Jan-25,4605,2006,SKIN CARE," 6,133 "," 1,813 ",30%,???? ???????,Pharmacy 67,Mohamed Erfan,Gizan,Southern Region,Street,
Jan-25,4605,2007,MEDICAL APPLIANCES," 3,906 "," 2,075 ",53%,???? ???????,Pharmacy 67,Mohamed Erfan,Gizan,Southern Region,Street,
Jan-25,4605,2221,KIDS DIAPERS," 3,798 ", 608 ,16%,???? ???????,Pharmacy 67,Mohamed Erfan,Gizan,Southern Region,Street,
Jan-25,4605,2222,FEMALES DIAPERS," 1,325 ", 313 ,24%,???? ???????,Pharmacy 67,Mohamed Erfan,Gizan,Southern Region,Street,
Jan-25,4605,2223,ADULT DIAPERS, 300 , 132 ,44%,???? ???????,Pharmacy 67,Mohamed Erfan,Gizan,Southern Region,Street,
Jan-25,4605,3001,PREMIUM," 2,930 "," 1,484 ",51%,???? ???????,Pharmacy 67,Mohamed Erfan,Gizan,Southern Region,Street,
Jan-25,4605,3002,CHILD-PREMIUM, 310 , 179 ,58%,???? ???????,Pharmacy 67,Mohamed Erfan,Gizan,Southern Region,Street,
Jan-25,4605,3004,HEALTHY AND DIET FOOD, 35 , 16 ,45%,???? ???????,Pharmacy 67,Mohamed Erfan,Gizan,Southern Region,Street,
Jan-25,4605,3005,MAKE-UP, 100 , 49 ,49%,???? ???????,Pharmacy 67,Mohamed Erfan,Gizan,Southern Region,Street,
Jan-25,4605,3201,DECLARE, 147 , 128 ,87%,???? ???????,Pharmacy 67,Mohamed Erfan,Gizan,Southern Region,Street,
Jan-25,7426,1001,MEDCINE," 11,882 ", 993 ,8%,???? ???? ,Pharmacy 67,Mohamed Erfan,Gizan,Southern Region,Street,
Jan-25,7426,1002,ANTIBIOTIC," 1,007 ", (122),-12%,???? ???? ,Pharmacy 67,Mohamed Erfan,Gizan,Southern Region,Street,
Jan-25,7426,1003,ZERO BOUNS," 3,876 ", (777),-20%,???? ???? ,Pharmacy 67,Mohamed Erfan,Gizan,Southern Region,Street,
Jan-25,7426,1004,MULTI VITAMIN AND HERBS," 1,961 ", 469 ,24%,???? ???? ,Pharmacy 67,Mohamed Erfan,Gizan,Southern Region,Street,
Jan-25,7426,1005,MEDCINE SP ITEMS," 1,632 ", (831),-51%,???? ???? ,Pharmacy 67,Mohamed Erfan,Gizan,Southern Region,Street,
Jan-25,7426,1211,MILK POWDER," 1,095 ", 125 ,11%,???? ???? ,Pharmacy 67,Mohamed Erfan,Gizan,Southern Region,Street,
Jan-25,7426,2001,FOOD SUPLEMENTS, 35 , 12 ,34%,???? ???? ,Pharmacy 67,Mohamed Erfan,Gizan,Southern Region,Street,
Jan-25,7426,2002,CHILD CARE, 120 , 41 ,34%,???? ???? ,Pharmacy 67,Mohamed Erfan,Gizan,Southern Region,Street,
Jan-25,7426,2003,HAIR CARE, 257 , 35 ,14%,???? ???? ,Pharmacy 67,Mohamed Erfan,Gizan,Southern Region,Street,
Jan-25,7426,2004,HAIR COLORANTS, 183 , 25 ,14%,???? ???? ,Pharmacy 67,Mohamed Erfan,Gizan,Southern Region,Street,
Jan-25,7426,2005,MOUTH AND TEETH CARE, 189 , 70 ,37%,???? ???? ,Pharmacy 67,Mohamed Erfan,Gizan,Southern Region,Street,
Jan-25,7426,2006,SKIN CARE, 724 , 213 ,29%,???? ???? ,Pharmacy 67,Mohamed Erfan,Gizan,Southern Region,Street,
Jan-25,7426,2007,MEDICAL APPLIANCES," 6,690 "," (1,151)",-17%,???? ???? ,Pharmacy 67,Mohamed Erfan,Gizan,Southern Region,Street,
Jan-25,7426,2221,KIDS DIAPERS, 245 , 10 ,4%,???? ???? ,Pharmacy 67,Mohamed Erfan,Gizan,Southern Region,Street,
Jan-25,7426,2222,FEMALES DIAPERS, 105 , 22 ,21%,???? ???? ,Pharmacy 67,Mohamed Erfan,Gizan,Southern Region,Street,
Jan-25,7426,2223,ADULT DIAPERS, 73 , 10 ,14%,???? ???? ,Pharmacy 67,Mohamed Erfan,Gizan,Southern Region,Street,
Jan-25,7426,3001,PREMIUM, 135 , 67 ,49%,???? ???? ,Pharmacy 67,Mohamed Erfan,Gizan,Southern Region,Street,
Jan-25,7426,3002,CHILD-PREMIUM, 55 , 39 ,70%,???? ???? ,Pharmacy 67,Mohamed Erfan,Gizan,Southern Region,Street,
Jan-25,7946,1001,MEDCINE," 3,349 ", 587 ,18%,???? ???? ???? ,Pharmacy 67,Mohamed Erfan,Gizan,Southern Region,Street,
Jan-25,7946,1002,ANTIBIOTIC, 275 , (53),-19%,???? ???? ???? ,Pharmacy 67,Mohamed Erfan,Gizan,Southern Region,Street,
Jan-25,7946,1003,ZERO BOUNS, 878 , (243),-28%,???? ???? ???? ,Pharmacy 67,Mohamed Erfan,Gizan,Southern Region,Street,
Jan-25,7946,1004,MULTI VITAMIN AND HERBS, 471 , 164 ,35%,???? ???? ???? ,Pharmacy 67,Mohamed Erfan,Gizan,Southern Region,Street,
Jan-25,7946,2002,CHILD CARE, 77 , 22 ,28%,???? ???? ???? ,Pharmacy 67,Mohamed Erfan,Gizan,Southern Region,Street,
Jan-25,7946,2004,HAIR COLORANTS, 9 , 4 ,45%,???? ???? ???? ,Pharmacy 67,Mohamed Erfan,Gizan,Southern Region,Street,
Jan-25,7946,2005,MOUTH AND TEETH CARE, 138 , 49 ,35%,???? ???? ???? ,Pharmacy 67,Mohamed Erfan,Gizan,Southern Region,Street,
Jan-25,7946,2006,SKIN CARE, 214 , 90 ,42%,???? ???? ???? ,Pharmacy 67,Mohamed Erfan,Gizan,Southern Region,Street,
Jan-25,7946,2007,MEDICAL APPLIANCES, 187 , (265),-142%,???? ???? ???? ,Pharmacy 67,Mohamed Erfan,Gizan,Southern Region,Street,
Jan-25,7946,3001,PREMIUM, 160 , 58 ,36%,???? ???? ???? ,Pharmacy 67,Mohamed Erfan,Gizan,Southern Region,Street,
Jan-25,4603,1001,MEDCINE," 59,127 "," 19,400 ",33%,???? ????? ???? ,Pharmacy 68,Mohamed Erfan,Gizan,Southern Region,Street,
Jan-25,4603,1002,ANTIBIOTIC," 10,061 "," 4,858 ",48%,???? ????? ???? ,Pharmacy 68,Mohamed Erfan,Gizan,Southern Region,Street,
Jan-25,4603,1003,ZERO BOUNS," 15,698 "," 1,241 ",8%,???? ????? ???? ,Pharmacy 68,Mohamed Erfan,Gizan,Southern Region,Street,
Jan-25,4603,1004,MULTI VITAMIN AND HERBS," 17,361 "," 9,541 ",55%,???? ????? ???? ,Pharmacy 68,Mohamed Erfan,Gizan,Southern Region,Street,
Jan-25,4603,1005,MEDCINE SP ITEMS," 8,701 "," (2,012)",-23%,???? ????? ???? ,Pharmacy 68,Mohamed Erfan,Gizan,Southern Region,Street,
Jan-25,4603,1211,MILK POWDER," 9,092 ", 873 ,10%,???? ????? ???? ,Pharmacy 68,Mohamed Erfan,Gizan,Southern Region,Street,
Jan-25,4603,2001,FOOD SUPLEMENTS, 753 , 290 ,39%,???? ????? ???? ,Pharmacy 68,Mohamed Erfan,Gizan,Southern Region,Street,
Jan-25,4603,2002,CHILD CARE," 2,225 ", 758 ,34%,???? ????? ???? ,Pharmacy 68,Mohamed Erfan,Gizan,Southern Region,Street,
Jan-25,4603,2003,HAIR CARE," 3,467 ", 766 ,22%,???? ????? ???? ,Pharmacy 68,Mohamed Erfan,Gizan,Southern Region,Street,
Jan-25,4603,2004,HAIR COLORANTS," 1,852 ", 329 ,18%,???? ????? ???? ,Pharmacy 68,Mohamed Erfan,Gizan,Southern Region,Street,
Jan-25,4603,2005,MOUTH AND TEETH CARE," 5,618 "," 2,564 ",46%,???? ????? ???? ,Pharmacy 68,Mohamed Erfan,Gizan,Southern Region,Street,
Jan-25,4603,2006,SKIN CARE," 10,728 "," 3,219 ",30%,???? ????? ???? ,Pharmacy 68,Mohamed Erfan,Gizan,Southern Region,Street,
Jan-25,4603,2007,MEDICAL APPLIANCES," 7,749 "," 2,664 ",34%,???? ????? ???? ,Pharmacy 68,Mohamed Erfan,Gizan,Southern Region,Street,
Jan-25,4603,2221,KIDS DIAPERS," 5,072 ", 747 ,15%,???? ????? ???? ,Pharmacy 68,Mohamed Erfan,Gizan,Southern Region,Street,
Jan-25,4603,2222,FEMALES DIAPERS," 2,920 ", 657 ,22%,???? ????? ???? ,Pharmacy 68,Mohamed Erfan,Gizan,Southern Region,Street,
Jan-25,4603,2223,ADULT DIAPERS," 1,114 ", 340 ,31%,???? ????? ???? ,Pharmacy 68,Mohamed Erfan,Gizan,Southern Region,Street,
Jan-25,4603,3001,PREMIUM," 7,554 "," 3,846 ",51%,???? ????? ???? ,Pharmacy 68,Mohamed Erfan,Gizan,Southern Region,Street,
Jan-25,4603,3002,CHILD-PREMIUM, 198 , 90 ,45%,???? ????? ???? ,Pharmacy 68,Mohamed Erfan,Gizan,Southern Region,Street,
Jan-25,4603,3003,PERSONAL CARE, 98 , 56 ,58%,???? ????? ???? ,Pharmacy 68,Mohamed Erfan,Gizan,Southern Region,Street,
Jan-25,4603,3004,HEALTHY AND DIET FOOD, 89 , 34 ,38%,???? ????? ???? ,Pharmacy 68,Mohamed Erfan,Gizan,Southern Region,Street,
Jan-25,4603,3005,MAKE-UP, 63 , 30 ,48%,???? ????? ???? ,Pharmacy 68,Mohamed Erfan,Gizan,Southern Region,Street,
Jan-25,4603,3201,DECLARE," 1,099 ", 865 ,79%,???? ????? ???? ,Pharmacy 68,Mohamed Erfan,Gizan,Southern Region,Street,
Jan-25,4640,1001,MEDCINE," 72,508 "," 17,868 ",25%,Hamed Soliman,Pharmacy 68,Mohamed Erfan,Gizan,Southern Region,Street,
Jan-25,4640,1002,ANTIBIOTIC," 17,667 "," 6,391 ",36%,Hamed Soliman,Pharmacy 68,Mohamed Erfan,Gizan,Southern Region,Street,
Jan-25,4640,1003,ZERO BOUNS," 22,559 ", 65 ,0%,Hamed Soliman,Pharmacy 68,Mohamed Erfan,Gizan,Southern Region,Street,
Jan-25,4640,1004,MULTI VITAMIN AND HERBS," 14,570 "," 7,703 ",53%,Hamed Soliman,Pharmacy 68,Mohamed Erfan,Gizan,Southern Region,Street,
Jan-25,4640,1005,MEDCINE SP ITEMS," 10,348 "," (2,621)",-25%,Hamed Soliman,Pharmacy 68,Mohamed Erfan,Gizan,Southern Region,Street,
Jan-25,4640,1211,MILK POWDER," 10,588 ", 947 ,9%,Hamed Soliman,Pharmacy 68,Mohamed Erfan,Gizan,Southern Region,Street,
Jan-25,4640,2001,FOOD SUPLEMENTS, 703 , 242 ,34%,Hamed Soliman,Pharmacy 68,Mohamed Erfan,Gizan,Southern Region,Street,
Jan-25,4640,2002,CHILD CARE," 2,563 ", 952 ,37%,Hamed Soliman,Pharmacy 68,Mohamed Erfan,Gizan,Southern Region,Street,
Jan-25,4640,2003,HAIR CARE," 4,253 ", 934 ,22%,Hamed Soliman,Pharmacy 68,Mohamed Erfan,Gizan,Southern Region,Street,
Jan-25,4640,2004,HAIR COLORANTS," 1,360 ", 371 ,27%,Hamed Soliman,Pharmacy 68,Mohamed Erfan,Gizan,Southern Region,Street,
Jan-25,4640,2005,MOUTH AND TEETH CARE," 4,647 "," 2,125 ",46%,Hamed Soliman,Pharmacy 68,Mohamed Erfan,Gizan,Southern Region,Street,
Jan-25,4640,2006,SKIN CARE," 11,619 "," 3,535 ",30%,Hamed Soliman,Pharmacy 68,Mohamed Erfan,Gizan,Southern Region,Street,
Jan-25,4640,2007,MEDICAL APPLIANCES," 11,566 "," 1,241 ",11%,Hamed Soliman,Pharmacy 68,Mohamed Erfan,Gizan,Southern Region,Street,
Jan-25,4640,2221,KIDS DIAPERS," 5,118 ", 679 ,13%,Hamed Soliman,Pharmacy 68,Mohamed Erfan,Gizan,Southern Region,Street,
Jan-25,4640,2222,FEMALES DIAPERS," 2,824 ", 641 ,23%,Hamed Soliman,Pharmacy 68,Mohamed Erfan,Gizan,Southern Region,Street,
Jan-25,4640,2223,ADULT DIAPERS," 1,342 ", 344 ,26%,Hamed Soliman,Pharmacy 68,Mohamed Erfan,Gizan,Southern Region,Street,
Jan-25,4640,3001,PREMIUM," 4,733 "," 2,580 ",55%,Hamed Soliman,Pharmacy 68,Mohamed Erfan,Gizan,Southern Region,Street,
Jan-25,4640,3002,CHILD-PREMIUM, 397 , 157 ,40%,Hamed Soliman,Pharmacy 68,Mohamed Erfan,Gizan,Southern Region,Street,
Jan-25,4640,3003,PERSONAL CARE, 110 , 60 ,54%,Hamed Soliman,Pharmacy 68,Mohamed Erfan,Gizan,Southern Region,Street,
Jan-25,4640,3004,HEALTHY AND DIET FOOD, 103 , 44 ,43%,Hamed Soliman,Pharmacy 68,Mohamed Erfan,Gizan,Southern Region,Street,
Jan-25,4640,3005,MAKE-UP, 60 , 30 ,50%,Hamed Soliman,Pharmacy 68,Mohamed Erfan,Gizan,Southern Region,Street,
Jan-25,4640,3201,DECLARE, 746 , 600 ,80%,Hamed Soliman,Pharmacy 68,Mohamed Erfan,Gizan,Southern Region,Street,
Jan-25,4331,1001,MEDCINE," 46,878 "," 15,387 ",33%,Gamal Abas,Pharmacy 69,Mohamed Erfan,Gizan,Southern Region,Street,
Jan-25,4331,1002,ANTIBIOTIC," 6,875 "," 2,818 ",41%,Gamal Abas,Pharmacy 69,Mohamed Erfan,Gizan,Southern Region,Street,
Jan-25,4331,1003,ZERO BOUNS," 23,309 "," 1,656 ",7%,Gamal Abas,Pharmacy 69,Mohamed Erfan,Gizan,Southern Region,Street,
Jan-25,4331,1004,MULTI VITAMIN AND HERBS," 33,144 "," 18,322 ",55%,Gamal Abas,Pharmacy 69,Mohamed Erfan,Gizan,Southern Region,Street,
Jan-25,4331,1005,MEDCINE SP ITEMS," 7,451 ", (626),-8%,Gamal Abas,Pharmacy 69,Mohamed Erfan,Gizan,Southern Region,Street,
Jan-25,4331,1211,MILK POWDER," 9,362 "," 1,180 ",13%,Gamal Abas,Pharmacy 69,Mohamed Erfan,Gizan,Southern Region,Street,
Jan-25,4331,2001,FOOD SUPLEMENTS," 1,025 ", 506 ,49%,Gamal Abas,Pharmacy 69,Mohamed Erfan,Gizan,Southern Region,Street,
Jan-25,4331,2002,CHILD CARE," 2,729 "," 1,107 ",41%,Gamal Abas,Pharmacy 69,Mohamed Erfan,Gizan,Southern Region,Street,
Jan-25,4331,2003,HAIR CARE," 2,457 ", 731 ,30%,Gamal Abas,Pharmacy 69,Mohamed Erfan,Gizan,Southern Region,Street,
Jan-25,4331,2004,HAIR COLORANTS," 1,504 ", 520 ,35%,Gamal Abas,Pharmacy 69,Mohamed Erfan,Gizan,Southern Region,Street,
Jan-25,4331,2005,MOUTH AND TEETH CARE," 5,424 "," 2,478 ",46%,Gamal Abas,Pharmacy 69,Mohamed Erfan,Gizan,Southern Region,Street,
Jan-25,4331,2006,SKIN CARE," 10,304 "," 3,517 ",34%,Gamal Abas,Pharmacy 69,Mohamed Erfan,Gizan,Southern Region,Street,
Jan-25,4331,2007,MEDICAL APPLIANCES," 12,456 "," 1,315 ",11%,Gamal Abas,Pharmacy 69,Mohamed Erfan,Gizan,Southern Region,Street,
Jan-25,4331,2221,KIDS DIAPERS," 3,369 ", 513 ,15%,Gamal Abas,Pharmacy 69,Mohamed Erfan,Gizan,Southern Region,Street,
Jan-25,4331,2222,FEMALES DIAPERS," 2,712 ", 582 ,21%,Gamal Abas,Pharmacy 69,Mohamed Erfan,Gizan,Southern Region,Street,
Jan-25,4331,2223,ADULT DIAPERS," 1,682 ", 668 ,40%,Gamal Abas,Pharmacy 69,Mohamed Erfan,Gizan,Southern Region,Street,
Jan-25,4331,3001,PREMIUM," 21,310 "," 11,717 ",55%,Gamal Abas,Pharmacy 69,Mohamed Erfan,Gizan,Southern Region,Street,
Jan-25,4331,3002,CHILD-PREMIUM, 387 , 224 ,58%,Gamal Abas,Pharmacy 69,Mohamed Erfan,Gizan,Southern Region,Street,
Jan-25,4331,3003,PERSONAL CARE, 630 , 314 ,50%,Gamal Abas,Pharmacy 69,Mohamed Erfan,Gizan,Southern Region,Street,
Jan-25,4331,3004,HEALTHY AND DIET FOOD, 74 , 33 ,44%,Gamal Abas,Pharmacy 69,Mohamed Erfan,Gizan,Southern Region,Street,
Jan-25,4331,3005,MAKE-UP, 926 , 357 ,39%,Gamal Abas,Pharmacy 69,Mohamed Erfan,Gizan,Southern Region,Street,
Jan-25,4331,3201,DECLARE," 4,367 "," 3,615 ",83%,Gamal Abas,Pharmacy 69,Mohamed Erfan,Gizan,Southern Region,Street,
Jan-25,4333,1001,MEDCINE," 39,926 "," 10,830 ",27%,???? ???? ????,Pharmacy 69,Mohamed Erfan,Gizan,Southern Region,Street,
Jan-25,4333,1002,ANTIBIOTIC," 4,199 ", 806 ,19%,???? ???? ????,Pharmacy 69,Mohamed Erfan,Gizan,Southern Region,Street,
Jan-25,4333,1003,ZERO BOUNS," 14,838 ", 971 ,7%,???? ???? ????,Pharmacy 69,Mohamed Erfan,Gizan,Southern Region,Street,
Jan-25,4333,1004,MULTI VITAMIN AND HERBS," 17,225 "," 9,108 ",53%,???? ???? ????,Pharmacy 69,Mohamed Erfan,Gizan,Southern Region,Street,
Jan-25,4333,1005,MEDCINE SP ITEMS," 6,122 "," (1,764)",-29%,???? ???? ????,Pharmacy 69,Mohamed Erfan,Gizan,Southern Region,Street,
Jan-25,4333,1211,MILK POWDER," 10,033 "," 1,134 ",11%,???? ???? ????,Pharmacy 69,Mohamed Erfan,Gizan,Southern Region,Street,
Jan-25,4333,2001,FOOD SUPLEMENTS, 904 , 386 ,43%,???? ???? ????,Pharmacy 69,Mohamed Erfan,Gizan,Southern Region,Street,
Jan-25,4333,2002,CHILD CARE," 2,171 ", 831 ,38%,???? ???? ????,Pharmacy 69,Mohamed Erfan,Gizan,Southern Region,Street,
Jan-25,4333,2003,HAIR CARE," 2,445 ", 683 ,28%,???? ???? ????,Pharmacy 69,Mohamed Erfan,Gizan,Southern Region,Street,
Jan-25,4333,2004,HAIR COLORANTS," 1,091 ", 276 ,25%,???? ???? ????,Pharmacy 69,Mohamed Erfan,Gizan,Southern Region,Street,
Jan-25,4333,2005,MOUTH AND TEETH CARE," 4,603 "," 2,069 ",45%,???? ???? ????,Pharmacy 69,Mohamed Erfan,Gizan,Southern Region,Street,
Jan-25,4333,2006,SKIN CARE," 9,131 "," 3,104 ",34%,???? ???? ????,Pharmacy 69,Mohamed Erfan,Gizan,Southern Region,Street,
Jan-25,4333,2007,MEDICAL APPLIANCES," 8,610 ", (631),-7%,???? ???? ????,Pharmacy 69,Mohamed Erfan,Gizan,Southern Region,Street,
Jan-25,4333,2221,KIDS DIAPERS," 4,560 ", 602 ,13%,???? ???? ????,Pharmacy 69,Mohamed Erfan,Gizan,Southern Region,Street,
Jan-25,4333,2222,FEMALES DIAPERS," 1,738 ", 372 ,21%,???? ???? ????,Pharmacy 69,Mohamed Erfan,Gizan,Southern Region,Street,
Jan-25,4333,2223,ADULT DIAPERS, 467 , 93 ,20%,???? ???? ????,Pharmacy 69,Mohamed Erfan,Gizan,Southern Region,Street,
Jan-25,4333,3001,PREMIUM," 9,528 "," 4,894 ",51%,???? ???? ????,Pharmacy 69,Mohamed Erfan,Gizan,Southern Region,Street,
Jan-25,4333,3002,CHILD-PREMIUM, 104 , 73 ,70%,???? ???? ????,Pharmacy 69,Mohamed Erfan,Gizan,Southern Region,Street,
Jan-25,4333,3003,PERSONAL CARE, 417 , 162 ,39%,???? ???? ????,Pharmacy 69,Mohamed Erfan,Gizan,Southern Region,Street,
Jan-25,4333,3004,HEALTHY AND DIET FOOD, 191 , 82 ,43%,???? ???? ????,Pharmacy 69,Mohamed Erfan,Gizan,Southern Region,Street,
Jan-25,4333,3005,MAKE-UP, 625 , 237 ,38%,???? ???? ????,Pharmacy 69,Mohamed Erfan,Gizan,Southern Region,Street,
Jan-25,4333,3201,DECLARE," 3,245 "," 2,721 ",84%,???? ???? ????,Pharmacy 69,Mohamed Erfan,Gizan,Southern Region,Street,
Jan-25,4366,1001,MEDCINE," 51,702 "," 16,222 ",31%,???? ????,Pharmacy 69,Mohamed Erfan,Gizan,Southern Region,Street,
Jan-25,4366,1002,ANTIBIOTIC," 7,473 "," 2,878 ",39%,???? ????,Pharmacy 69,Mohamed Erfan,Gizan,Southern Region,Street,
Jan-25,4366,1003,ZERO BOUNS," 25,375 "," 2,066 ",8%,???? ????,Pharmacy 69,Mohamed Erfan,Gizan,Southern Region,Street,
Jan-25,4366,1004,MULTI VITAMIN AND HERBS," 25,968 "," 14,437 ",56%,???? ????,Pharmacy 69,Mohamed Erfan,Gizan,Southern Region,Street,
Jan-25,4366,1005,MEDCINE SP ITEMS," 7,240 "," (1,739)",-24%,???? ????,Pharmacy 69,Mohamed Erfan,Gizan,Southern Region,Street,
Jan-25,4366,1211,MILK POWDER," 11,015 "," 1,176 ",11%,???? ????,Pharmacy 69,Mohamed Erfan,Gizan,Southern Region,Street,
Jan-25,4366,2001,FOOD SUPLEMENTS," 1,046 ", 488 ,47%,???? ????,Pharmacy 69,Mohamed Erfan,Gizan,Southern Region,Street,
Jan-25,4366,2002,CHILD CARE," 2,655 "," 1,085 ",41%,???? ????,Pharmacy 69,Mohamed Erfan,Gizan,Southern Region,Street,
Jan-25,4366,2003,HAIR CARE," 2,642 ", 794 ,30%,???? ????,Pharmacy 69,Mohamed Erfan,Gizan,Southern Region,Street,
Jan-25,4366,2004,HAIR COLORANTS," 1,613 ", 408 ,25%,???? ????,Pharmacy 69,Mohamed Erfan,Gizan,Southern Region,Street,
Jan-25,4366,2005,MOUTH AND TEETH CARE," 6,081 "," 2,773 ",46%,???? ????,Pharmacy 69,Mohamed Erfan,Gizan,Southern Region,Street,
Jan-25,4366,2006,SKIN CARE," 11,653 "," 3,877 ",33%,???? ????,Pharmacy 69,Mohamed Erfan,Gizan,Southern Region,Street,
Jan-25,4366,2007,MEDICAL APPLIANCES," 12,683 ", (333),-3%,???? ????,Pharmacy 69,Mohamed Erfan,Gizan,Southern Region,Street,
Jan-25,4366,2221,KIDS DIAPERS," 4,573 ", 529 ,12%,???? ????,Pharmacy 69,Mohamed Erfan,Gizan,Southern Region,Street,
Jan-25,4366,2222,FEMALES DIAPERS," 2,269 ", 511 ,23%,???? ????,Pharmacy 69,Mohamed Erfan,Gizan,Southern Region,Street,
Jan-25,4366,2223,ADULT DIAPERS, 741 , 190 ,26%,???? ????,Pharmacy 69,Mohamed Erfan,Gizan,Southern Region,Street,
Jan-25,4366,3001,PREMIUM," 13,911 "," 6,803 ",49%,???? ????,Pharmacy 69,Mohamed Erfan,Gizan,Southern Region,Street,
Jan-25,4366,3002,CHILD-PREMIUM, 210 , 90 ,43%,???? ????,Pharmacy 69,Mohamed Erfan,Gizan,Southern Region,Street,
Jan-25,4366,3003,PERSONAL CARE," 1,151 ", 379 ,33%,???? ????,Pharmacy 69,Mohamed Erfan,Gizan,Southern Region,Street,
Jan-25,4366,3004,HEALTHY AND DIET FOOD, 237 , 105 ,44%,???? ????,Pharmacy 69,Mohamed Erfan,Gizan,Southern Region,Street,
Jan-25,4366,3005,MAKE-UP," 1,026 ", 391 ,38%,???? ????,Pharmacy 69,Mohamed Erfan,Gizan,Southern Region,Street,
Jan-25,4366,3201,DECLARE," 2,608 "," 2,115 ",81%,???? ????,Pharmacy 69,Mohamed Erfan,Gizan,Southern Region,Street,
Jan-25,7381,1001,MEDCINE," 21,174 "," 4,499 ",21%,???? ??? ???? ????,Pharmacy 69,Mohamed Erfan,Gizan,Southern Region,Street,
Jan-25,7381,1002,ANTIBIOTIC," 1,848 ", 7 ,0%,???? ??? ???? ????,Pharmacy 69,Mohamed Erfan,Gizan,Southern Region,Street,
Jan-25,7381,1003,ZERO BOUNS," 10,823 ", (541),-5%,???? ??? ???? ????,Pharmacy 69,Mohamed Erfan,Gizan,Southern Region,Street,
Jan-25,7381,1004,MULTI VITAMIN AND HERBS," 7,034 "," 3,081 ",44%,???? ??? ???? ????,Pharmacy 69,Mohamed Erfan,Gizan,Southern Region,Street,
Jan-25,7381,1005,MEDCINE SP ITEMS," 3,911 "," (1,387)",-35%,???? ??? ???? ????,Pharmacy 69,Mohamed Erfan,Gizan,Southern Region,Street,
Jan-25,7381,1211,MILK POWDER," 2,142 ", 263 ,12%,???? ??? ???? ????,Pharmacy 69,Mohamed Erfan,Gizan,Southern Region,Street,
Jan-25,7381,2001,FOOD SUPLEMENTS, 403 , 162 ,40%,???? ??? ???? ????,Pharmacy 69,Mohamed Erfan,Gizan,Southern Region,Street,
Jan-25,7381,2002,CHILD CARE, 572 , 196 ,34%,???? ??? ???? ????,Pharmacy 69,Mohamed Erfan,Gizan,Southern Region,Street,
Jan-25,7381,2003,HAIR CARE, 460 , 115 ,25%,???? ??? ???? ????,Pharmacy 69,Mohamed Erfan,Gizan,Southern Region,Street,
Jan-25,7381,2004,HAIR COLORANTS, 264 , 68 ,26%,???? ??? ???? ????,Pharmacy 69,Mohamed Erfan,Gizan,Southern Region,Street,
Jan-25,7381,2005,MOUTH AND TEETH CARE," 1,220 ", 489 ,40%,???? ??? ???? ????,Pharmacy 69,Mohamed Erfan,Gizan,Southern Region,Street,
Jan-25,7381,2006,SKIN CARE," 2,005 ", 668 ,33%,???? ??? ???? ????,Pharmacy 69,Mohamed Erfan,Gizan,Southern Region,Street,
Jan-25,7381,2007,MEDICAL APPLIANCES," 20,548 "," (3,418)",-17%,???? ??? ???? ????,Pharmacy 69,Mohamed Erfan,Gizan,Southern Region,Street,
Jan-25,7381,2221,KIDS DIAPERS, 581 , 86 ,15%,???? ??? ???? ????,Pharmacy 69,Mohamed Erfan,Gizan,Southern Region,Street,
Jan-25,7381,2222,FEMALES DIAPERS, 317 , 83 ,26%,???? ??? ???? ????,Pharmacy 69,Mohamed Erfan,Gizan,Southern Region,Street,
Jan-25,7381,2223,ADULT DIAPERS, 49 , (4),-8%,???? ??? ???? ????,Pharmacy 69,Mohamed Erfan,Gizan,Southern Region,Street,
Jan-25,7381,3001,PREMIUM," 1,920 "," 1,109 ",58%,???? ??? ???? ????,Pharmacy 69,Mohamed Erfan,Gizan,Southern Region,Street,
Jan-25,7381,3002,CHILD-PREMIUM, 70 , 30 ,43%,???? ??? ???? ????,Pharmacy 69,Mohamed Erfan,Gizan,Southern Region,Street,
Jan-25,7381,3003,PERSONAL CARE, 128 , 69 ,54%,???? ??? ???? ????,Pharmacy 69,Mohamed Erfan,Gizan,Southern Region,Street,
Jan-25,7381,3004,HEALTHY AND DIET FOOD, 25 , 8 ,30%,???? ??? ???? ????,Pharmacy 69,Mohamed Erfan,Gizan,Southern Region,Street,
Jan-25,7381,3005,MAKE-UP, 179 , 59 ,33%,???? ??? ???? ????,Pharmacy 69,Mohamed Erfan,Gizan,Southern Region,Street,
Jan-25,7381,3201,DECLARE, 256 , 205 ,80%,???? ??? ???? ????,Pharmacy 69,Mohamed Erfan,Gizan,Southern Region,Street,
Jan-25,4503,1001,MEDCINE," 37,093 "," 8,226 ",22%,????? ????   ,Pharmacy 70,Mohamed Erfan,Gizan,Southern Region,Street,
Jan-25,4503,1002,ANTIBIOTIC," 4,636 ", 957 ,21%,????? ????   ,Pharmacy 70,Mohamed Erfan,Gizan,Southern Region,Street,
Jan-25,4503,1003,ZERO BOUNS," 16,193 ", (71),0%,????? ????   ,Pharmacy 70,Mohamed Erfan,Gizan,Southern Region,Street,
Jan-25,4503,1004,MULTI VITAMIN AND HERBS," 10,723 "," 5,470 ",51%,????? ????   ,Pharmacy 70,Mohamed Erfan,Gizan,Southern Region,Street,
Jan-25,4503,1005,MEDCINE SP ITEMS," 5,868 "," (1,350)",-23%,????? ????   ,Pharmacy 70,Mohamed Erfan,Gizan,Southern Region,Street,
Jan-25,4503,1211,MILK POWDER," 6,248 ", 638 ,10%,????? ????   ,Pharmacy 70,Mohamed Erfan,Gizan,Southern Region,Street,
Jan-25,4503,2001,FOOD SUPLEMENTS, 418 , 154 ,37%,????? ????   ,Pharmacy 70,Mohamed Erfan,Gizan,Southern Region,Street,
Jan-25,4503,2002,CHILD CARE," 2,052 ", 803 ,39%,????? ????   ,Pharmacy 70,Mohamed Erfan,Gizan,Southern Region,Street,
Jan-25,4503,2003,HAIR CARE," 2,213 ", 475 ,21%,????? ????   ,Pharmacy 70,Mohamed Erfan,Gizan,Southern Region,Street,
Jan-25,4503,2004,HAIR COLORANTS," 1,582 ", 488 ,31%,????? ????   ,Pharmacy 70,Mohamed Erfan,Gizan,Southern Region,Street,
Jan-25,4503,2005,MOUTH AND TEETH CARE," 3,192 "," 1,545 ",48%,????? ????   ,Pharmacy 70,Mohamed Erfan,Gizan,Southern Region,Street,
Jan-25,4503,2006,SKIN CARE," 7,748 "," 2,194 ",28%,????? ????   ,Pharmacy 70,Mohamed Erfan,Gizan,Southern Region,Street,
Jan-25,4503,2007,MEDICAL APPLIANCES," 8,579 ", (274),-3%,????? ????   ,Pharmacy 70,Mohamed Erfan,Gizan,Southern Region,Street,
Jan-25,4503,2221,KIDS DIAPERS," 3,974 ", 540 ,14%,????? ????   ,Pharmacy 70,Mohamed Erfan,Gizan,Southern Region,Street,
Jan-25,4503,2222,FEMALES DIAPERS," 1,064 ", 302 ,28%,????? ????   ,Pharmacy 70,Mohamed Erfan,Gizan,Southern Region,Street,
Jan-25,4503,2223,ADULT DIAPERS," 1,080 ", 140 ,13%,????? ????   ,Pharmacy 70,Mohamed Erfan,Gizan,Southern Region,Street,
Jan-25,4503,3001,PREMIUM," 3,586 "," 1,627 ",45%,????? ????   ,Pharmacy 70,Mohamed Erfan,Gizan,Southern Region,Street,
Jan-25,4503,3002,CHILD-PREMIUM, 201 , 108 ,54%,????? ????   ,Pharmacy 70,Mohamed Erfan,Gizan,Southern Region,Street,
Jan-25,4503,3003,PERSONAL CARE, 28 , 13 ,45%,????? ????   ,Pharmacy 70,Mohamed Erfan,Gizan,Southern Region,Street,
Jan-25,4503,3004,HEALTHY AND DIET FOOD, 75 , 44 ,58%,????? ????   ,Pharmacy 70,Mohamed Erfan,Gizan,Southern Region,Street,
Jan-25,4503,3005,MAKE-UP, 32 , 10 ,32%,????? ????   ,Pharmacy 70,Mohamed Erfan,Gizan,Southern Region,Street,
Jan-25,4503,3201,DECLARE, 762 , 635 ,83%,????? ????   ,Pharmacy 70,Mohamed Erfan,Gizan,Southern Region,Street,
Jan-25,4668,1001,MEDCINE," 38,957 "," 13,377 ",34%,?????????? ????? ,Pharmacy 70,Mohamed Erfan,Gizan,Southern Region,Street,
Jan-25,4668,1002,ANTIBIOTIC," 7,074 "," 2,422 ",34%,?????????? ????? ,Pharmacy 70,Mohamed Erfan,Gizan,Southern Region,Street,
Jan-25,4668,1003,ZERO BOUNS," 12,856 ", 45 ,0%,?????????? ????? ,Pharmacy 70,Mohamed Erfan,Gizan,Southern Region,Street,
Jan-25,4668,1004,MULTI VITAMIN AND HERBS," 12,194 "," 6,421 ",53%,?????????? ????? ,Pharmacy 70,Mohamed Erfan,Gizan,Southern Region,Street,
Jan-25,4668,1005,MEDCINE SP ITEMS," 8,452 "," (2,345)",-28%,?????????? ????? ,Pharmacy 70,Mohamed Erfan,Gizan,Southern Region,Street,
Jan-25,4668,1211,MILK POWDER," 8,884 ", 882 ,10%,?????????? ????? ,Pharmacy 70,Mohamed Erfan,Gizan,Southern Region,Street,
Jan-25,4668,2001,FOOD SUPLEMENTS, 305 , 123 ,40%,?????????? ????? ,Pharmacy 70,Mohamed Erfan,Gizan,Southern Region,Street,
Jan-25,4668,2002,CHILD CARE," 2,162 ", 924 ,43%,?????????? ????? ,Pharmacy 70,Mohamed Erfan,Gizan,Southern Region,Street,
Jan-25,4668,2003,HAIR CARE," 2,722 ", 584 ,21%,?????????? ????? ,Pharmacy 70,Mohamed Erfan,Gizan,Southern Region,Street,
Jan-25,4668,2004,HAIR COLORANTS," 1,234 ", 322 ,26%,?????????? ????? ,Pharmacy 70,Mohamed Erfan,Gizan,Southern Region,Street,
Jan-25,4668,2005,MOUTH AND TEETH CARE," 3,223 "," 1,343 ",42%,?????????? ????? ,Pharmacy 70,Mohamed Erfan,Gizan,Southern Region,Street,
Jan-25,4668,2006,SKIN CARE," 8,865 "," 2,537 ",29%,?????????? ????? ,Pharmacy 70,Mohamed Erfan,Gizan,Southern Region,Street,
Jan-25,4668,2007,MEDICAL APPLIANCES," 8,391 ", 588 ,7%,?????????? ????? ,Pharmacy 70,Mohamed Erfan,Gizan,Southern Region,Street,
Jan-25,4668,2221,KIDS DIAPERS," 4,955 ", 758 ,15%,?????????? ????? ,Pharmacy 70,Mohamed Erfan,Gizan,Southern Region,Street,
Jan-25,4668,2222,FEMALES DIAPERS," 1,660 ", 339 ,20%,?????????? ????? ,Pharmacy 70,Mohamed Erfan,Gizan,Southern Region,Street,
Jan-25,4668,2223,ADULT DIAPERS, 859 , 226 ,26%,?????????? ????? ,Pharmacy 70,Mohamed Erfan,Gizan,Southern Region,Street,
Jan-25,4668,3001,PREMIUM," 2,771 "," 1,172 ",42%,?????????? ????? ,Pharmacy 70,Mohamed Erfan,Gizan,Southern Region,Street,
Jan-25,4668,3002,CHILD-PREMIUM, 232 , 154 ,66%,?????????? ????? ,Pharmacy 70,Mohamed Erfan,Gizan,Southern Region,Street,
Jan-25,4668,3004,HEALTHY AND DIET FOOD, 233 , 125 ,54%,?????????? ????? ,Pharmacy 70,Mohamed Erfan,Gizan,Southern Region,Street,
Jan-25,4668,3005,MAKE-UP, 161 , 70 ,43%,?????????? ????? ,Pharmacy 70,Mohamed Erfan,Gizan,Southern Region,Street,
Jan-25,4668,3201,DECLARE, 879 , 708 ,80%,?????????? ????? ,Pharmacy 70,Mohamed Erfan,Gizan,Southern Region,Street,
Jan-25,7985,1001,MEDCINE," 10,148 ", 188 ,2%,???? ???? ???? ,Pharmacy 70,Mohamed Erfan,Gizan,Southern Region,Street,
Jan-25,7985,1002,ANTIBIOTIC," 1,889 ", 286 ,15%,???? ???? ???? ,Pharmacy 70,Mohamed Erfan,Gizan,Southern Region,Street,
Jan-25,7985,1003,ZERO BOUNS," 2,681 ", (711),-27%,???? ???? ???? ,Pharmacy 70,Mohamed Erfan,Gizan,Southern Region,Street,
Jan-25,7985,1004,MULTI VITAMIN AND HERBS," 1,723 ", 669 ,39%,???? ???? ???? ,Pharmacy 70,Mohamed Erfan,Gizan,Southern Region,Street,
Jan-25,7985,1005,MEDCINE SP ITEMS," 2,909 "," (1,153)",-40%,???? ???? ???? ,Pharmacy 70,Mohamed Erfan,Gizan,Southern Region,Street,
Jan-25,7985,1211,MILK POWDER, 416 , 44 ,11%,???? ???? ???? ,Pharmacy 70,Mohamed Erfan,Gizan,Southern Region,Street,
Jan-25,7985,2001,FOOD SUPLEMENTS, 108 , 34 ,31%,???? ???? ???? ,Pharmacy 70,Mohamed Erfan,Gizan,Southern Region,Street,
Jan-25,7985,2002,CHILD CARE, 215 , 62 ,29%,???? ???? ???? ,Pharmacy 70,Mohamed Erfan,Gizan,Southern Region,Street,
Jan-25,7985,2003,HAIR CARE, 596 , 110 ,18%,???? ???? ???? ,Pharmacy 70,Mohamed Erfan,Gizan,Southern Region,Street,
Jan-25,7985,2004,HAIR COLORANTS, 201 , 35 ,17%,???? ???? ???? ,Pharmacy 70,Mohamed Erfan,Gizan,Southern Region,Street,
Jan-25,7985,2005,MOUTH AND TEETH CARE, 257 , 62 ,24%,???? ???? ???? ,Pharmacy 70,Mohamed Erfan,Gizan,Southern Region,Street,
Jan-25,7985,2006,SKIN CARE," 1,090 ", 283 ,26%,???? ???? ???? ,Pharmacy 70,Mohamed Erfan,Gizan,Southern Region,Street,
Jan-25,7985,2007,MEDICAL APPLIANCES, 793 ," (1,834)",-231%,???? ???? ???? ,Pharmacy 70,Mohamed Erfan,Gizan,Southern Region,Street,
Jan-25,7985,2221,KIDS DIAPERS, 11 , 1 ,8%,???? ???? ???? ,Pharmacy 70,Mohamed Erfan,Gizan,Southern Region,Street,
Jan-25,7985,2222,FEMALES DIAPERS, 153 , 35 ,23%,???? ???? ???? ,Pharmacy 70,Mohamed Erfan,Gizan,Southern Region,Street,
Jan-25,7985,3001,PREMIUM, 135 , 60 ,45%,???? ???? ???? ,Pharmacy 70,Mohamed Erfan,Gizan,Southern Region,Street,
Jan-25,7985,3201,DECLARE, 169 , 127 ,75%,???? ???? ???? ,Pharmacy 70,Mohamed Erfan,Gizan,Southern Region,Street,
Jan-25,4505,1001,MEDCINE," 27,345 "," 6,556 ",24%,???? ???? ????,Pharmacy 71,Mohamed Erfan,Gizan,Southern Region,Street,
Jan-25,4505,1002,ANTIBIOTIC," 2,615 ", 905 ,35%,???? ???? ????,Pharmacy 71,Mohamed Erfan,Gizan,Southern Region,Street,
Jan-25,4505,1003,ZERO BOUNS," 8,467 ", 414 ,5%,???? ???? ????,Pharmacy 71,Mohamed Erfan,Gizan,Southern Region,Street,
Jan-25,4505,1004,MULTI VITAMIN AND HERBS," 11,374 "," 4,894 ",43%,???? ???? ????,Pharmacy 71,Mohamed Erfan,Gizan,Southern Region,Street,
Jan-25,4505,1005,MEDCINE SP ITEMS," 4,803 "," (1,536)",-32%,???? ???? ????,Pharmacy 71,Mohamed Erfan,Gizan,Southern Region,Street,
Jan-25,4505,1211,MILK POWDER," 6,994 ", 860 ,12%,???? ???? ????,Pharmacy 71,Mohamed Erfan,Gizan,Southern Region,Street,
Jan-25,4505,2001,FOOD SUPLEMENTS, 263 , 106 ,40%,???? ???? ????,Pharmacy 71,Mohamed Erfan,Gizan,Southern Region,Street,
Jan-25,4505,2002,CHILD CARE," 1,365 ", 472 ,35%,???? ???? ????,Pharmacy 71,Mohamed Erfan,Gizan,Southern Region,Street,
Jan-25,4505,2003,HAIR CARE," 1,338 ", 250 ,19%,???? ???? ????,Pharmacy 71,Mohamed Erfan,Gizan,Southern Region,Street,
Jan-25,4505,2004,HAIR COLORANTS, 694 , 199 ,29%,???? ???? ????,Pharmacy 71,Mohamed Erfan,Gizan,Southern Region,Street,
Jan-25,4505,2005,MOUTH AND TEETH CARE," 1,897 ", 744 ,39%,???? ???? ????,Pharmacy 71,Mohamed Erfan,Gizan,Southern Region,Street,
Jan-25,4505,2006,SKIN CARE," 5,248 "," 1,555 ",30%,???? ???? ????,Pharmacy 71,Mohamed Erfan,Gizan,Southern Region,Street,
Jan-25,4505,2007,MEDICAL APPLIANCES," 3,496 "," (1,590)",-45%,???? ???? ????,Pharmacy 71,Mohamed Erfan,Gizan,Southern Region,Street,
Jan-25,4505,2221,KIDS DIAPERS," 2,970 ", 376 ,13%,???? ???? ????,Pharmacy 71,Mohamed Erfan,Gizan,Southern Region,Street,
Jan-25,4505,2222,FEMALES DIAPERS, 834 , 190 ,23%,???? ???? ????,Pharmacy 71,Mohamed Erfan,Gizan,Southern Region,Street,
Jan-25,4505,2223,ADULT DIAPERS," 1,391 ", 290 ,21%,???? ???? ????,Pharmacy 71,Mohamed Erfan,Gizan,Southern Region,Street,
Jan-25,4505,3001,PREMIUM," 3,068 "," 1,560 ",51%,???? ???? ????,Pharmacy 71,Mohamed Erfan,Gizan,Southern Region,Street,
Jan-25,4505,3002,CHILD-PREMIUM, 187 , 51 ,27%,???? ???? ????,Pharmacy 71,Mohamed Erfan,Gizan,Southern Region,Street,
Jan-25,4505,3004,HEALTHY AND DIET FOOD, 45 , 14 ,31%,???? ???? ????,Pharmacy 71,Mohamed Erfan,Gizan,Southern Region,Street,
Jan-25,4505,3201,DECLARE, 400 , 323 ,81%,???? ???? ????,Pharmacy 71,Mohamed Erfan,Gizan,Southern Region,Street,
Jan-25,4517,1001,MEDCINE," 23,857 "," 7,449 ",31%,Salah Sobhy,Pharmacy 71,Mohamed Erfan,Gizan,Southern Region,Street,
Jan-25,4517,1002,ANTIBIOTIC," 1,829 ", 447 ,24%,Salah Sobhy,Pharmacy 71,Mohamed Erfan,Gizan,Southern Region,Street,
Jan-25,4517,1003,ZERO BOUNS," 10,446 ", 721 ,7%,Salah Sobhy,Pharmacy 71,Mohamed Erfan,Gizan,Southern Region,Street,
Jan-25,4517,1004,MULTI VITAMIN AND HERBS," 10,005 "," 4,746 ",47%,Salah Sobhy,Pharmacy 71,Mohamed Erfan,Gizan,Southern Region,Street,
Jan-25,4517,1005,MEDCINE SP ITEMS," 4,731 "," (1,967)",-42%,Salah Sobhy,Pharmacy 71,Mohamed Erfan,Gizan,Southern Region,Street,
Jan-25,4517,1211,MILK POWDER," 7,755 ", 839 ,11%,Salah Sobhy,Pharmacy 71,Mohamed Erfan,Gizan,Southern Region,Street,
Jan-25,4517,2001,FOOD SUPLEMENTS, 214 , 81 ,38%,Salah Sobhy,Pharmacy 71,Mohamed Erfan,Gizan,Southern Region,Street,
Jan-25,4517,2002,CHILD CARE," 1,116 ", 502 ,45%,Salah Sobhy,Pharmacy 71,Mohamed Erfan,Gizan,Southern Region,Street,
Jan-25,4517,2003,HAIR CARE," 1,410 ", 282 ,20%,Salah Sobhy,Pharmacy 71,Mohamed Erfan,Gizan,Southern Region,Street,
Jan-25,4517,2004,HAIR COLORANTS," 1,115 ", 327 ,29%,Salah Sobhy,Pharmacy 71,Mohamed Erfan,Gizan,Southern Region,Street,
Jan-25,4517,2005,MOUTH AND TEETH CARE," 1,999 ", 910 ,46%,Salah Sobhy,Pharmacy 71,Mohamed Erfan,Gizan,Southern Region,Street,
Jan-25,4517,2006,SKIN CARE," 5,386 "," 1,459 ",27%,Salah Sobhy,Pharmacy 71,Mohamed Erfan,Gizan,Southern Region,Street,
Jan-25,4517,2007,MEDICAL APPLIANCES," 6,190 ", 758 ,12%,Salah Sobhy,Pharmacy 71,Mohamed Erfan,Gizan,Southern Region,Street,
Jan-25,4517,2221,KIDS DIAPERS," 2,866 ", 377 ,13%,Salah Sobhy,Pharmacy 71,Mohamed Erfan,Gizan,Southern Region,Street,
Jan-25,4517,2222,FEMALES DIAPERS, 729 , 152 ,21%,Salah Sobhy,Pharmacy 71,Mohamed Erfan,Gizan,Southern Region,Street,
Jan-25,4517,2223,ADULT DIAPERS," 1,765 ", 462 ,26%,Salah Sobhy,Pharmacy 71,Mohamed Erfan,Gizan,Southern Region,Street,
Jan-25,4517,3001,PREMIUM," 1,801 ", 894 ,50%,Salah Sobhy,Pharmacy 71,Mohamed Erfan,Gizan,Southern Region,Street,
Jan-25,4517,3002,CHILD-PREMIUM, 250 , 137 ,55%,Salah Sobhy,Pharmacy 71,Mohamed Erfan,Gizan,Southern Region,Street,
Jan-25,4517,3003,PERSONAL CARE, 7 , 5 ,64%,Salah Sobhy,Pharmacy 71,Mohamed Erfan,Gizan,Southern Region,Street,
Jan-25,4517,3004,HEALTHY AND DIET FOOD, 142 , 83 ,58%,Salah Sobhy,Pharmacy 71,Mohamed Erfan,Gizan,Southern Region,Street,
Jan-25,4517,3005,MAKE-UP, 26 , 8 ,30%,Salah Sobhy,Pharmacy 71,Mohamed Erfan,Gizan,Southern Region,Street,
Jan-25,4517,3201,DECLARE, 489 , 408 ,84%,Salah Sobhy,Pharmacy 71,Mohamed Erfan,Gizan,Southern Region,Street,
Jan-25,7988,1001,MEDCINE," 3,822 ", 245 ,6%,????? ??? ???? ?????? ,Pharmacy 71,Mohamed Erfan,Gizan,Southern Region,Street,
Jan-25,7988,1002,ANTIBIOTIC, 603 , (67),-11%,????? ??? ???? ?????? ,Pharmacy 71,Mohamed Erfan,Gizan,Southern Region,Street,
Jan-25,7988,1003,ZERO BOUNS," 1,673 ", (199),-12%,????? ??? ???? ?????? ,Pharmacy 71,Mohamed Erfan,Gizan,Southern Region,Street,
Jan-25,7988,1004,MULTI VITAMIN AND HERBS, 469 , 107 ,23%,????? ??? ???? ?????? ,Pharmacy 71,Mohamed Erfan,Gizan,Southern Region,Street,
Jan-25,7988,1005,MEDCINE SP ITEMS," 1,096 ", (728),-66%,????? ??? ???? ?????? ,Pharmacy 71,Mohamed Erfan,Gizan,Southern Region,Street,
Jan-25,7988,1211,MILK POWDER, 389 , 38 ,10%,????? ??? ???? ?????? ,Pharmacy 71,Mohamed Erfan,Gizan,Southern Region,Street,
Jan-25,7988,2001,FOOD SUPLEMENTS, 39 , 14 ,36%,????? ??? ???? ?????? ,Pharmacy 71,Mohamed Erfan,Gizan,Southern Region,Street,
Jan-25,7988,2002,CHILD CARE, 74 , 20 ,27%,????? ??? ???? ?????? ,Pharmacy 71,Mohamed Erfan,Gizan,Southern Region,Street,
Jan-25,7988,2003,HAIR CARE, 60 , 16 ,27%,????? ??? ???? ?????? ,Pharmacy 71,Mohamed Erfan,Gizan,Southern Region,Street,
Jan-25,7988,2004,HAIR COLORANTS, 21 , 6 ,27%,????? ??? ???? ?????? ,Pharmacy 71,Mohamed Erfan,Gizan,Southern Region,Street,
Jan-25,7988,2005,MOUTH AND TEETH CARE, 110 , 50 ,46%,????? ??? ???? ?????? ,Pharmacy 71,Mohamed Erfan,Gizan,Southern Region,Street,
Jan-25,7988,2006,SKIN CARE, 786 , 327 ,42%,????? ??? ???? ?????? ,Pharmacy 71,Mohamed Erfan,Gizan,Southern Region,Street,
Jan-25,7988,2007,MEDICAL APPLIANCES, 501 , (299),-60%,????? ??? ???? ?????? ,Pharmacy 71,Mohamed Erfan,Gizan,Southern Region,Street,
Jan-25,7988,2221,KIDS DIAPERS, 11 , 1 ,8%,????? ??? ???? ?????? ,Pharmacy 71,Mohamed Erfan,Gizan,Southern Region,Street,
Jan-25,7988,2222,FEMALES DIAPERS, 58 , 16 ,27%,????? ??? ???? ?????? ,Pharmacy 71,Mohamed Erfan,Gizan,Southern Region,Street,
Jan-25,7988,3002,CHILD-PREMIUM, 70 , 30 ,43%,????? ??? ???? ?????? ,Pharmacy 71,Mohamed Erfan,Gizan,Southern Region,Street,
Jan-25,4518,1001,MEDCINE," 49,694 "," 11,479 ",23%,???? ????,Pharmacy 72,Mohamed Erfan,Muhayil,Southern Region,Street,
Jan-25,4518,1002,ANTIBIOTIC," 8,546 "," 2,979 ",35%,???? ????,Pharmacy 72,Mohamed Erfan,Muhayil,Southern Region,Street,
Jan-25,4518,1003,ZERO BOUNS," 20,260 ", 79 ,0%,???? ????,Pharmacy 72,Mohamed Erfan,Muhayil,Southern Region,Street,
Jan-25,4518,1004,MULTI VITAMIN AND HERBS," 13,661 "," 6,292 ",46%,???? ????,Pharmacy 72,Mohamed Erfan,Muhayil,Southern Region,Street,
Jan-25,4518,1005,MEDCINE SP ITEMS," 8,851 "," (2,738)",-31%,???? ????,Pharmacy 72,Mohamed Erfan,Muhayil,Southern Region,Street,
Jan-25,4518,1211,MILK POWDER," 9,453 ", 978 ,10%,???? ????,Pharmacy 72,Mohamed Erfan,Muhayil,Southern Region,Street,
Jan-25,4518,2001,FOOD SUPLEMENTS, 296 , 107 ,36%,???? ????,Pharmacy 72,Mohamed Erfan,Muhayil,Southern Region,Street,
Jan-25,4518,2002,CHILD CARE," 1,498 ", 579 ,39%,???? ????,Pharmacy 72,Mohamed Erfan,Muhayil,Southern Region,Street,
Jan-25,4518,2003,HAIR CARE," 3,250 ", 857 ,26%,???? ????,Pharmacy 72,Mohamed Erfan,Muhayil,Southern Region,Street,
Jan-25,4518,2004,HAIR COLORANTS," 1,503 ", 242 ,16%,???? ????,Pharmacy 72,Mohamed Erfan,Muhayil,Southern Region,Street,
Jan-25,4518,2005,MOUTH AND TEETH CARE," 3,192 "," 1,201 ",38%,???? ????,Pharmacy 72,Mohamed Erfan,Muhayil,Southern Region,Street,
Jan-25,4518,2006,SKIN CARE," 9,842 "," 3,063 ",31%,???? ????,Pharmacy 72,Mohamed Erfan,Muhayil,Southern Region,Street,
Jan-25,4518,2007,MEDICAL APPLIANCES," 10,106 "," (1,030)",-10%,???? ????,Pharmacy 72,Mohamed Erfan,Muhayil,Southern Region,Street,
Jan-25,4518,2221,KIDS DIAPERS," 4,784 ", 678 ,14%,???? ????,Pharmacy 72,Mohamed Erfan,Muhayil,Southern Region,Street,
Jan-25,4518,2222,FEMALES DIAPERS," 2,059 ", 466 ,23%,???? ????,Pharmacy 72,Mohamed Erfan,Muhayil,Southern Region,Street,
Jan-25,4518,2223,ADULT DIAPERS, 688 , 36 ,5%,???? ????,Pharmacy 72,Mohamed Erfan,Muhayil,Southern Region,Street,
Jan-25,4518,3001,PREMIUM," 3,901 "," 2,085 ",53%,???? ????,Pharmacy 72,Mohamed Erfan,Muhayil,Southern Region,Street,
Jan-25,4518,3002,CHILD-PREMIUM, 620 , 339 ,55%,???? ????,Pharmacy 72,Mohamed Erfan,Muhayil,Southern Region,Street,
Jan-25,4518,3003,PERSONAL CARE, 417 , 158 ,38%,???? ????,Pharmacy 72,Mohamed Erfan,Muhayil,Southern Region,Street,
Jan-25,4518,3004,HEALTHY AND DIET FOOD, 12 , 4 ,38%,???? ????,Pharmacy 72,Mohamed Erfan,Muhayil,Southern Region,Street,
Jan-25,4518,3005,MAKE-UP, 92 , 46 ,50%,???? ????,Pharmacy 72,Mohamed Erfan,Muhayil,Southern Region,Street,
Jan-25,4518,3201,DECLARE," 1,193 ", 975 ,82%,???? ????,Pharmacy 72,Mohamed Erfan,Muhayil,Southern Region,Street,
Jan-25,4541,1001,MEDCINE," 51,185 "," 7,885 ",15%,? ????,Pharmacy 72,Mohamed Erfan,Muhayil,Southern Region,Street,
Jan-25,4541,1002,ANTIBIOTIC," 7,885 "," 2,307 ",29%,? ????,Pharmacy 72,Mohamed Erfan,Muhayil,Southern Region,Street,
Jan-25,4541,1003,ZERO BOUNS," 17,688 ", 48 ,0%,? ????,Pharmacy 72,Mohamed Erfan,Muhayil,Southern Region,Street,
Jan-25,4541,1004,MULTI VITAMIN AND HERBS," 14,585 "," 6,604 ",45%,? ????,Pharmacy 72,Mohamed Erfan,Muhayil,Southern Region,Street,
Jan-25,4541,1005,MEDCINE SP ITEMS," 7,639 "," (2,134)",-28%,? ????,Pharmacy 72,Mohamed Erfan,Muhayil,Southern Region,Street,
Jan-25,4541,1211,MILK POWDER," 10,808 "," 1,036 ",10%,? ????,Pharmacy 72,Mohamed Erfan,Muhayil,Southern Region,Street,
Jan-25,4541,2001,FOOD SUPLEMENTS, 241 , 87 ,36%,? ????,Pharmacy 72,Mohamed Erfan,Muhayil,Southern Region,Street,
Jan-25,4541,2002,CHILD CARE," 1,954 ", 813 ,42%,? ????,Pharmacy 72,Mohamed Erfan,Muhayil,Southern Region,Street,
Jan-25,4541,2003,HAIR CARE," 2,883 ", 686 ,24%,? ????,Pharmacy 72,Mohamed Erfan,Muhayil,Southern Region,Street,
Jan-25,4541,2004,HAIR COLORANTS," 1,914 ", 448 ,23%,? ????,Pharmacy 72,Mohamed Erfan,Muhayil,Southern Region,Street,
Jan-25,4541,2005,MOUTH AND TEETH CARE," 3,466 "," 1,396 ",40%,? ????,Pharmacy 72,Mohamed Erfan,Muhayil,Southern Region,Street,
Jan-25,4541,2006,SKIN CARE," 9,515 "," 2,979 ",31%,? ????,Pharmacy 72,Mohamed Erfan,Muhayil,Southern Region,Street,
Jan-25,4541,2007,MEDICAL APPLIANCES," 8,235 "," (2,549)",-31%,? ????,Pharmacy 72,Mohamed Erfan,Muhayil,Southern Region,Street,
Jan-25,4541,2221,KIDS DIAPERS," 5,364 ", 751 ,14%,? ????,Pharmacy 72,Mohamed Erfan,Muhayil,Southern Region,Street,
Jan-25,4541,2222,FEMALES DIAPERS," 2,521 ", 572 ,23%,? ????,Pharmacy 72,Mohamed Erfan,Muhayil,Southern Region,Street,
Jan-25,4541,2223,ADULT DIAPERS, 540 , 179 ,33%,? ????,Pharmacy 72,Mohamed Erfan,Muhayil,Southern Region,Street,
Jan-25,4541,3001,PREMIUM," 4,870 "," 2,272 ",47%,? ????,Pharmacy 72,Mohamed Erfan,Muhayil,Southern Region,Street,
Jan-25,4541,3002,CHILD-PREMIUM, 210 , 147 ,70%,? ????,Pharmacy 72,Mohamed Erfan,Muhayil,Southern Region,Street,
Jan-25,4541,3003,PERSONAL CARE, 21 , 14 ,64%,? ????,Pharmacy 72,Mohamed Erfan,Muhayil,Southern Region,Street,
Jan-25,4541,3004,HEALTHY AND DIET FOOD, 46 , 14 ,31%,? ????,Pharmacy 72,Mohamed Erfan,Muhayil,Southern Region,Street,
Jan-25,4541,3005,MAKE-UP, 136 , 68 ,50%,? ????,Pharmacy 72,Mohamed Erfan,Muhayil,Southern Region,Street,
Jan-25,4541,3201,DECLARE," 1,422 "," 1,175 ",83%,? ????,Pharmacy 72,Mohamed Erfan,Muhayil,Southern Region,Street,
Jan-25,4518,1001,MEDCINE," 49,694 "," 11,479 ",23%,???? ????,Pharmacy 72,Mohamed Erfan,Muhayil,Southern Region,Street,
Jan-25,4518,1002,ANTIBIOTIC," 8,546 "," 2,979 ",35%,???? ????,Pharmacy 72,Mohamed Erfan,Muhayil,Southern Region,Street,
Jan-25,4518,1003,ZERO BOUNS," 20,260 ", 79 ,0%,???? ????,Pharmacy 72,Mohamed Erfan,Muhayil,Southern Region,Street,
Jan-25,4518,1004,MULTI VITAMIN AND HERBS," 13,661 "," 6,292 ",46%,???? ????,Pharmacy 72,Mohamed Erfan,Muhayil,Southern Region,Street,
Jan-25,4518,1005,MEDCINE SP ITEMS," 8,851 "," (2,738)",-31%,???? ????,Pharmacy 72,Mohamed Erfan,Muhayil,Southern Region,Street,
Jan-25,4518,1211,MILK POWDER," 9,453 ", 978 ,10%,???? ????,Pharmacy 72,Mohamed Erfan,Muhayil,Southern Region,Street,
Jan-25,4518,2001,FOOD SUPLEMENTS, 296 , 107 ,36%,???? ????,Pharmacy 72,Mohamed Erfan,Muhayil,Southern Region,Street,
Jan-25,4518,2002,CHILD CARE," 1,498 ", 579 ,39%,???? ????,Pharmacy 72,Mohamed Erfan,Muhayil,Southern Region,Street,
Jan-25,4518,2003,HAIR CARE," 3,250 ", 857 ,26%,???? ????,Pharmacy 72,Mohamed Erfan,Muhayil,Southern Region,Street,
Jan-25,4518,2004,HAIR COLORANTS," 1,503 ", 242 ,16%,???? ????,Pharmacy 72,Mohamed Erfan,Muhayil,Southern Region,Street,
Jan-25,4518,2005,MOUTH AND TEETH CARE," 3,192 "," 1,201 ",38%,???? ????,Pharmacy 72,Mohamed Erfan,Muhayil,Southern Region,Street,
Jan-25,4518,2006,SKIN CARE," 9,842 "," 3,063 ",31%,???? ????,Pharmacy 72,Mohamed Erfan,Muhayil,Southern Region,Street,
Jan-25,4518,2007,MEDICAL APPLIANCES," 10,106 "," (1,030)",-10%,???? ????,Pharmacy 72,Mohamed Erfan,Muhayil,Southern Region,Street,
Jan-25,4518,2221,KIDS DIAPERS," 4,784 ", 678 ,14%,???? ????,Pharmacy 72,Mohamed Erfan,Muhayil,Southern Region,Street,
Jan-25,4518,2222,FEMALES DIAPERS," 2,059 ", 466 ,23%,???? ????,Pharmacy 72,Mohamed Erfan,Muhayil,Southern Region,Street,
Jan-25,4518,2223,ADULT DIAPERS, 688 , 36 ,5%,???? ????,Pharmacy 72,Mohamed Erfan,Muhayil,Southern Region,Street,
Jan-25,4518,3001,PREMIUM," 3,901 "," 2,085 ",53%,???? ????,Pharmacy 72,Mohamed Erfan,Muhayil,Southern Region,Street,
Jan-25,4518,3002,CHILD-PREMIUM, 620 , 339 ,55%,???? ????,Pharmacy 72,Mohamed Erfan,Muhayil,Southern Region,Street,
Jan-25,4518,3003,PERSONAL CARE, 417 , 158 ,38%,???? ????,Pharmacy 72,Mohamed Erfan,Muhayil,Southern Region,Street,
Jan-25,4518,3004,HEALTHY AND DIET FOOD, 12 , 4 ,38%,???? ????,Pharmacy 72,Mohamed Erfan,Muhayil,Southern Region,Street,
Jan-25,4518,3005,MAKE-UP, 92 , 46 ,50%,???? ????,Pharmacy 72,Mohamed Erfan,Muhayil,Southern Region,Street,
Jan-25,4518,3201,DECLARE," 1,193 ", 975 ,82%,???? ????,Pharmacy 72,Mohamed Erfan,Muhayil,Southern Region,Street,
Jan-25,4541,1001,MEDCINE," 51,185 "," 7,885 ",15%,? ????,Pharmacy 72,Mohamed Erfan,Muhayil,Southern Region,Street,
Jan-25,4541,1002,ANTIBIOTIC," 7,885 "," 2,307 ",29%,? ????,Pharmacy 72,Mohamed Erfan,Muhayil,Southern Region,Street,
Jan-25,4541,1003,ZERO BOUNS," 17,688 ", 48 ,0%,? ????,Pharmacy 72,Mohamed Erfan,Muhayil,Southern Region,Street,
Jan-25,4541,1004,MULTI VITAMIN AND HERBS," 14,585 "," 6,604 ",45%,? ????,Pharmacy 72,Mohamed Erfan,Muhayil,Southern Region,Street,
Jan-25,4541,1005,MEDCINE SP ITEMS," 7,639 "," (2,134)",-28%,? ????,Pharmacy 72,Mohamed Erfan,Muhayil,Southern Region,Street,
Jan-25,4541,1211,MILK POWDER," 10,808 "," 1,036 ",10%,? ????,Pharmacy 72,Mohamed Erfan,Muhayil,Southern Region,Street,
Jan-25,4541,2001,FOOD SUPLEMENTS, 241 , 87 ,36%,? ????,Pharmacy 72,Mohamed Erfan,Muhayil,Southern Region,Street,
Jan-25,4541,2002,CHILD CARE," 1,954 ", 813 ,42%,? ????,Pharmacy 72,Mohamed Erfan,Muhayil,Southern Region,Street,
Jan-25,4541,2003,HAIR CARE," 2,883 ", 686 ,24%,? ????,Pharmacy 72,Mohamed Erfan,Muhayil,Southern Region,Street,
Jan-25,4541,2004,HAIR COLORANTS," 1,914 ", 448 ,23%,? ????,Pharmacy 72,Mohamed Erfan,Muhayil,Southern Region,Street,
Jan-25,4541,2005,MOUTH AND TEETH CARE," 3,466 "," 1,396 ",40%,? ????,Pharmacy 72,Mohamed Erfan,Muhayil,Southern Region,Street,
Jan-25,4541,2006,SKIN CARE," 9,515 "," 2,979 ",31%,? ????,Pharmacy 72,Mohamed Erfan,Muhayil,Southern Region,Street,
Jan-25,4541,2007,MEDICAL APPLIANCES," 8,235 "," (2,549)",-31%,? ????,Pharmacy 72,Mohamed Erfan,Muhayil,Southern Region,Street,
Jan-25,4541,2221,KIDS DIAPERS," 5,364 ", 751 ,14%,? ????,Pharmacy 72,Mohamed Erfan,Muhayil,Southern Region,Street,
Jan-25,4541,2222,FEMALES DIAPERS," 2,521 ", 572 ,23%,? ????,Pharmacy 72,Mohamed Erfan,Muhayil,Southern Region,Street,
Jan-25,4541,2223,ADULT DIAPERS, 540 , 179 ,33%,? ????,Pharmacy 72,Mohamed Erfan,Muhayil,Southern Region,Street,
Jan-25,4541,3001,PREMIUM," 4,870 "," 2,272 ",47%,? ????,Pharmacy 72,Mohamed Erfan,Muhayil,Southern Region,Street,
Jan-25,4541,3002,CHILD-PREMIUM, 210 , 147 ,70%,? ????,Pharmacy 72,Mohamed Erfan,Muhayil,Southern Region,Street,
Jan-25,4541,3003,PERSONAL CARE, 21 , 14 ,64%,? ????,Pharmacy 72,Mohamed Erfan,Muhayil,Southern Region,Street,
Jan-25,4541,3004,HEALTHY AND DIET FOOD, 46 , 14 ,31%,? ????,Pharmacy 72,Mohamed Erfan,Muhayil,Southern Region,Street,
Jan-25,4541,3005,MAKE-UP, 136 , 68 ,50%,? ????,Pharmacy 72,Mohamed Erfan,Muhayil,Southern Region,Street,
Jan-25,4541,3201,DECLARE," 1,422 "," 1,175 ",83%,? ????,Pharmacy 72,Mohamed Erfan,Muhayil,Southern Region,Street,
Jan-25,4533,1001,MEDCINE," 34,027 "," 6,614 ",19%,???? ????? ????? ,Pharmacy 73,Mohamed Erfan,Muhayil,Southern Region,Street,
Jan-25,4533,1002,ANTIBIOTIC," 5,277 "," 1,539 ",29%,???? ????? ????? ,Pharmacy 73,Mohamed Erfan,Muhayil,Southern Region,Street,
Jan-25,4533,1003,ZERO BOUNS," 16,470 "," 1,677 ",10%,???? ????? ????? ,Pharmacy 73,Mohamed Erfan,Muhayil,Southern Region,Street,
Jan-25,4533,1004,MULTI VITAMIN AND HERBS," 18,737 "," 7,906 ",42%,???? ????? ????? ,Pharmacy 73,Mohamed Erfan,Muhayil,Southern Region,Street,
Jan-25,4533,1005,MEDCINE SP ITEMS," 5,888 ", (916),-16%,???? ????? ????? ,Pharmacy 73,Mohamed Erfan,Muhayil,Southern Region,Street,
Jan-25,4533,1211,MILK POWDER," 6,474 ", 701 ,11%,???? ????? ????? ,Pharmacy 73,Mohamed Erfan,Muhayil,Southern Region,Street,
Jan-25,4533,2001,FOOD SUPLEMENTS, 103 , 47 ,45%,???? ????? ????? ,Pharmacy 73,Mohamed Erfan,Muhayil,Southern Region,Street,
Jan-25,4533,2002,CHILD CARE," 1,015 ", 439 ,43%,???? ????? ????? ,Pharmacy 73,Mohamed Erfan,Muhayil,Southern Region,Street,
Jan-25,4533,2003,HAIR CARE," 1,313 ", 245 ,19%,???? ????? ????? ,Pharmacy 73,Mohamed Erfan,Muhayil,Southern Region,Street,
Jan-25,4533,2004,HAIR COLORANTS, 597 , 163 ,27%,???? ????? ????? ,Pharmacy 73,Mohamed Erfan,Muhayil,Southern Region,Street,
Jan-25,4533,2005,MOUTH AND TEETH CARE," 2,274 ", 995 ,44%,???? ????? ????? ,Pharmacy 73,Mohamed Erfan,Muhayil,Southern Region,Street,
Jan-25,4533,2006,SKIN CARE," 6,099 "," 1,622 ",27%,???? ????? ????? ,Pharmacy 73,Mohamed Erfan,Muhayil,Southern Region,Street,
Jan-25,4533,2007,MEDICAL APPLIANCES," 6,011 ", (573),-10%,???? ????? ????? ,Pharmacy 73,Mohamed Erfan,Muhayil,Southern Region,Street,
Jan-25,4533,2221,KIDS DIAPERS," 5,250 ", 599 ,11%,???? ????? ????? ,Pharmacy 73,Mohamed Erfan,Muhayil,Southern Region,Street,
Jan-25,4533,2222,FEMALES DIAPERS, 890 , 196 ,22%,???? ????? ????? ,Pharmacy 73,Mohamed Erfan,Muhayil,Southern Region,Street,
Jan-25,4533,2223,ADULT DIAPERS, 833 , 115 ,14%,???? ????? ????? ,Pharmacy 73,Mohamed Erfan,Muhayil,Southern Region,Street,
Jan-25,4533,3001,PREMIUM," 4,416 "," 2,245 ",51%,???? ????? ????? ,Pharmacy 73,Mohamed Erfan,Muhayil,Southern Region,Street,
Jan-25,4533,3002,CHILD-PREMIUM, 125 , 68 ,55%,???? ????? ????? ,Pharmacy 73,Mohamed Erfan,Muhayil,Southern Region,Street,
Jan-25,4533,3003,PERSONAL CARE, 164 , 41 ,25%,???? ????? ????? ,Pharmacy 73,Mohamed Erfan,Muhayil,Southern Region,Street,
Jan-25,4533,3004,HEALTHY AND DIET FOOD, 60 , 39 ,65%,???? ????? ????? ,Pharmacy 73,Mohamed Erfan,Muhayil,Southern Region,Street,
Jan-25,4533,3005,MAKE-UP, 58 , 29 ,50%,???? ????? ????? ,Pharmacy 73,Mohamed Erfan,Muhayil,Southern Region,Street,
Jan-25,4533,3201,DECLARE," 1,875 "," 1,544 ",82%,???? ????? ????? ,Pharmacy 73,Mohamed Erfan,Muhayil,Southern Region,Street,
Jan-25,4533,1001,MEDCINE," 34,027 "," 6,614 ",19%,???? ????? ????? ,Pharmacy 73,Mohamed Erfan,Muhayil,Southern Region,Street,
Jan-25,4533,1002,ANTIBIOTIC," 5,277 "," 1,539 ",29%,???? ????? ????? ,Pharmacy 73,Mohamed Erfan,Muhayil,Southern Region,Street,
Jan-25,4533,1003,ZERO BOUNS," 16,470 "," 1,677 ",10%,???? ????? ????? ,Pharmacy 73,Mohamed Erfan,Muhayil,Southern Region,Street,
Jan-25,4533,1004,MULTI VITAMIN AND HERBS," 18,737 "," 7,906 ",42%,???? ????? ????? ,Pharmacy 73,Mohamed Erfan,Muhayil,Southern Region,Street,
Jan-25,4533,1005,MEDCINE SP ITEMS," 5,888 ", (916),-16%,???? ????? ????? ,Pharmacy 73,Mohamed Erfan,Muhayil,Southern Region,Street,
Jan-25,4533,1211,MILK POWDER," 6,474 ", 701 ,11%,???? ????? ????? ,Pharmacy 73,Mohamed Erfan,Muhayil,Southern Region,Street,
Jan-25,4533,2001,FOOD SUPLEMENTS, 103 , 47 ,45%,???? ????? ????? ,Pharmacy 73,Mohamed Erfan,Muhayil,Southern Region,Street,
Jan-25,4533,2002,CHILD CARE," 1,015 ", 439 ,43%,???? ????? ????? ,Pharmacy 73,Mohamed Erfan,Muhayil,Southern Region,Street,
Jan-25,4533,2003,HAIR CARE," 1,313 ", 245 ,19%,???? ????? ????? ,Pharmacy 73,Mohamed Erfan,Muhayil,Southern Region,Street,
Jan-25,4533,2004,HAIR COLORANTS, 597 , 163 ,27%,???? ????? ????? ,Pharmacy 73,Mohamed Erfan,Muhayil,Southern Region,Street,
Jan-25,4533,2005,MOUTH AND TEETH CARE," 2,274 ", 995 ,44%,???? ????? ????? ,Pharmacy 73,Mohamed Erfan,Muhayil,Southern Region,Street,
Jan-25,4533,2006,SKIN CARE," 6,099 "," 1,622 ",27%,???? ????? ????? ,Pharmacy 73,Mohamed Erfan,Muhayil,Southern Region,Street,
Jan-25,4533,2007,MEDICAL APPLIANCES," 6,011 ", (573),-10%,???? ????? ????? ,Pharmacy 73,Mohamed Erfan,Muhayil,Southern Region,Street,
Jan-25,4533,2221,KIDS DIAPERS," 5,250 ", 599 ,11%,???? ????? ????? ,Pharmacy 73,Mohamed Erfan,Muhayil,Southern Region,Street,
Jan-25,4533,2222,FEMALES DIAPERS, 890 , 196 ,22%,???? ????? ????? ,Pharmacy 73,Mohamed Erfan,Muhayil,Southern Region,Street,
Jan-25,4533,2223,ADULT DIAPERS, 833 , 115 ,14%,???? ????? ????? ,Pharmacy 73,Mohamed Erfan,Muhayil,Southern Region,Street,
Jan-25,4533,3001,PREMIUM," 4,416 "," 2,245 ",51%,???? ????? ????? ,Pharmacy 73,Mohamed Erfan,Muhayil,Southern Region,Street,
Jan-25,4533,3002,CHILD-PREMIUM, 125 , 68 ,55%,???? ????? ????? ,Pharmacy 73,Mohamed Erfan,Muhayil,Southern Region,Street,
Jan-25,4533,3003,PERSONAL CARE, 164 , 41 ,25%,???? ????? ????? ,Pharmacy 73,Mohamed Erfan,Muhayil,Southern Region,Street,
Jan-25,4533,3004,HEALTHY AND DIET FOOD, 60 , 39 ,65%,???? ????? ????? ,Pharmacy 73,Mohamed Erfan,Muhayil,Southern Region,Street,
Jan-25,4533,3005,MAKE-UP, 58 , 29 ,50%,???? ????? ????? ,Pharmacy 73,Mohamed Erfan,Muhayil,Southern Region,Street,
Jan-25,4533,3201,DECLARE," 1,875 "," 1,544 ",82%,???? ????? ????? ,Pharmacy 73,Mohamed Erfan,Muhayil,Southern Region,Street,
Jan-25,4404,1001,MEDCINE," 17,899 "," 7,798 ",44%,???? ???? ????,Pharmacy 74,Mohamed Erfan,Gizan,Southern Region,Street,
Jan-25,4404,1002,ANTIBIOTIC," 6,077 "," 2,192 ",36%,???? ???? ????,Pharmacy 74,Mohamed Erfan,Gizan,Southern Region,Street,
Jan-25,4404,1003,ZERO BOUNS," 7,456 ", 963 ,13%,???? ???? ????,Pharmacy 74,Mohamed Erfan,Gizan,Southern Region,Street,
Jan-25,4404,1004,MULTI VITAMIN AND HERBS," 15,304 "," 8,701 ",57%,???? ???? ????,Pharmacy 74,Mohamed Erfan,Gizan,Southern Region,Street,
Jan-25,4404,1005,MEDCINE SP ITEMS," 3,248 ", (868),-27%,???? ???? ????,Pharmacy 74,Mohamed Erfan,Gizan,Southern Region,Street,
Jan-25,4404,1211,MILK POWDER," 6,315 ", 687 ,11%,???? ???? ????,Pharmacy 74,Mohamed Erfan,Gizan,Southern Region,Street,
Jan-25,4404,2001,FOOD SUPLEMENTS, 270 , 94 ,35%,???? ???? ????,Pharmacy 74,Mohamed Erfan,Gizan,Southern Region,Street,
Jan-25,4404,2002,CHILD CARE, 824 , 342 ,42%,???? ???? ????,Pharmacy 74,Mohamed Erfan,Gizan,Southern Region,Street,
Jan-25,4404,2003,HAIR CARE," 1,047 ", 293 ,28%,???? ???? ????,Pharmacy 74,Mohamed Erfan,Gizan,Southern Region,Street,
Jan-25,4404,2004,HAIR COLORANTS, 385 , 61 ,16%,???? ???? ????,Pharmacy 74,Mohamed Erfan,Gizan,Southern Region,Street,
Jan-25,4404,2005,MOUTH AND TEETH CARE," 2,249 "," 1,134 ",50%,???? ???? ????,Pharmacy 74,Mohamed Erfan,Gizan,Southern Region,Street,
Jan-25,4404,2006,SKIN CARE," 5,232 "," 1,953 ",37%,???? ???? ????,Pharmacy 74,Mohamed Erfan,Gizan,Southern Region,Street,
Jan-25,4404,2007,MEDICAL APPLIANCES," 9,096 "," 2,309 ",25%,???? ???? ????,Pharmacy 74,Mohamed Erfan,Gizan,Southern Region,Street,
Jan-25,4404,2221,KIDS DIAPERS," 2,133 ", 278 ,13%,???? ???? ????,Pharmacy 74,Mohamed Erfan,Gizan,Southern Region,Street,
Jan-25,4404,2222,FEMALES DIAPERS, 710 , 156 ,22%,???? ???? ????,Pharmacy 74,Mohamed Erfan,Gizan,Southern Region,Street,
Jan-25,4404,2223,ADULT DIAPERS, 731 , 315 ,43%,???? ???? ????,Pharmacy 74,Mohamed Erfan,Gizan,Southern Region,Street,
Jan-25,4404,3001,PREMIUM," 7,421 "," 3,496 ",47%,???? ???? ????,Pharmacy 74,Mohamed Erfan,Gizan,Southern Region,Street,
Jan-25,4404,3004,HEALTHY AND DIET FOOD, 304 , 192 ,63%,???? ???? ????,Pharmacy 74,Mohamed Erfan,Gizan,Southern Region,Street,
Jan-25,4404,3005,MAKE-UP, 356 , 134 ,38%,???? ???? ????,Pharmacy 74,Mohamed Erfan,Gizan,Southern Region,Street,
Jan-25,4404,3201,DECLARE," 1,535 "," 1,285 ",84%,???? ???? ????,Pharmacy 74,Mohamed Erfan,Gizan,Southern Region,Street,
Jan-25,4563,1001,MEDCINE," 16,616 "," 7,123 ",43%,????? ????? ,Pharmacy 74,Mohamed Erfan,Gizan,Southern Region,Street,
Jan-25,4563,1002,ANTIBIOTIC," 3,864 "," 1,476 ",38%,????? ????? ,Pharmacy 74,Mohamed Erfan,Gizan,Southern Region,Street,
Jan-25,4563,1003,ZERO BOUNS," 6,911 ", 681 ,10%,????? ????? ,Pharmacy 74,Mohamed Erfan,Gizan,Southern Region,Street,
Jan-25,4563,1004,MULTI VITAMIN AND HERBS," 12,970 "," 7,335 ",57%,????? ????? ,Pharmacy 74,Mohamed Erfan,Gizan,Southern Region,Street,
Jan-25,4563,1005,MEDCINE SP ITEMS, 821 , (16),-2%,????? ????? ,Pharmacy 74,Mohamed Erfan,Gizan,Southern Region,Street,
Jan-25,4563,1211,MILK POWDER," 5,088 ", 513 ,10%,????? ????? ,Pharmacy 74,Mohamed Erfan,Gizan,Southern Region,Street,
Jan-25,4563,2001,FOOD SUPLEMENTS, 143 , 51 ,36%,????? ????? ,Pharmacy 74,Mohamed Erfan,Gizan,Southern Region,Street,
Jan-25,4563,2002,CHILD CARE," 1,413 ", 549 ,39%,????? ????? ,Pharmacy 74,Mohamed Erfan,Gizan,Southern Region,Street,
Jan-25,4563,2003,HAIR CARE, 692 , 182 ,26%,????? ????? ,Pharmacy 74,Mohamed Erfan,Gizan,Southern Region,Street,
Jan-25,4563,2004,HAIR COLORANTS, 710 , 204 ,29%,????? ????? ,Pharmacy 74,Mohamed Erfan,Gizan,Southern Region,Street,
Jan-25,4563,2005,MOUTH AND TEETH CARE," 1,475 ", 689 ,47%,????? ????? ,Pharmacy 74,Mohamed Erfan,Gizan,Southern Region,Street,
Jan-25,4563,2006,SKIN CARE," 4,213 "," 1,257 ",30%,????? ????? ,Pharmacy 74,Mohamed Erfan,Gizan,Southern Region,Street,
Jan-25,4563,2007,MEDICAL APPLIANCES," 4,533 "," 1,257 ",28%,????? ????? ,Pharmacy 74,Mohamed Erfan,Gizan,Southern Region,Street,
Jan-25,4563,2221,KIDS DIAPERS," 2,172 ", 295 ,14%,????? ????? ,Pharmacy 74,Mohamed Erfan,Gizan,Southern Region,Street,
Jan-25,4563,2222,FEMALES DIAPERS, 571 , 118 ,21%,????? ????? ,Pharmacy 74,Mohamed Erfan,Gizan,Southern Region,Street,
Jan-25,4563,2223,ADULT DIAPERS, 329 , 116 ,35%,????? ????? ,Pharmacy 74,Mohamed Erfan,Gizan,Southern Region,Street,
Jan-25,4563,3001,PREMIUM," 5,495 "," 2,925 ",53%,????? ????? ,Pharmacy 74,Mohamed Erfan,Gizan,Southern Region,Street,
Jan-25,4563,3002,CHILD-PREMIUM, 151 , 79 ,52%,????? ????? ,Pharmacy 74,Mohamed Erfan,Gizan,Southern Region,Street,
Jan-25,4563,3003,PERSONAL CARE, 121 , 64 ,53%,????? ????? ,Pharmacy 74,Mohamed Erfan,Gizan,Southern Region,Street,
Jan-25,4563,3004,HEALTHY AND DIET FOOD, 120 , 64 ,54%,????? ????? ,Pharmacy 74,Mohamed Erfan,Gizan,Southern Region,Street,
Jan-25,4563,3005,MAKE-UP, 186 , 82 ,44%,????? ????? ,Pharmacy 74,Mohamed Erfan,Gizan,Southern Region,Street,
Jan-25,4563,3201,DECLARE," 1,949 "," 1,606 ",82%,????? ????? ,Pharmacy 74,Mohamed Erfan,Gizan,Southern Region,Street,
Jan-25,7910,1001,MEDCINE," 3,339 "," 1,208 ",36%,???? ???? ????  ,Pharmacy 74,Mohamed Erfan,Gizan,Southern Region,Street,
Jan-25,7910,1002,ANTIBIOTIC, 572 , 170 ,30%,???? ???? ????  ,Pharmacy 74,Mohamed Erfan,Gizan,Southern Region,Street,
Jan-25,7910,1003,ZERO BOUNS," 1,176 ", 55 ,5%,???? ???? ????  ,Pharmacy 74,Mohamed Erfan,Gizan,Southern Region,Street,
Jan-25,7910,1004,MULTI VITAMIN AND HERBS, 586 , 334 ,57%,???? ???? ????  ,Pharmacy 74,Mohamed Erfan,Gizan,Southern Region,Street,
Jan-25,7910,1005,MEDCINE SP ITEMS, 473 , 52 ,11%,???? ???? ????  ,Pharmacy 74,Mohamed Erfan,Gizan,Southern Region,Street,
Jan-25,7910,1211,MILK POWDER, 173 , 16 ,9%,???? ???? ????  ,Pharmacy 74,Mohamed Erfan,Gizan,Southern Region,Street,
Jan-25,7910,2001,FOOD SUPLEMENTS, 38 , 14 ,37%,???? ???? ????  ,Pharmacy 74,Mohamed Erfan,Gizan,Southern Region,Street,
Jan-25,7910,2002,CHILD CARE, 83 , 44 ,54%,???? ???? ????  ,Pharmacy 74,Mohamed Erfan,Gizan,Southern Region,Street,
Jan-25,7910,2003,HAIR CARE, 22 , 7 ,31%,???? ???? ????  ,Pharmacy 74,Mohamed Erfan,Gizan,Southern Region,Street,
Jan-25,7910,2005,MOUTH AND TEETH CARE, 355 , 133 ,37%,???? ???? ????  ,Pharmacy 74,Mohamed Erfan,Gizan,Southern Region,Street,
Jan-25,7910,2006,SKIN CARE, 98 , 30 ,31%,???? ???? ????  ,Pharmacy 74,Mohamed Erfan,Gizan,Southern Region,Street,
Jan-25,7910,2007,MEDICAL APPLIANCES, 557 , 255 ,46%,???? ???? ????  ,Pharmacy 74,Mohamed Erfan,Gizan,Southern Region,Street,
Jan-25,7910,2221,KIDS DIAPERS, 46 , 5 ,11%,???? ???? ????  ,Pharmacy 74,Mohamed Erfan,Gizan,Southern Region,Street,
Jan-25,7910,2222,FEMALES DIAPERS, -   , -   ,0%,???? ???? ????  ,Pharmacy 74,Mohamed Erfan,Gizan,Southern Region,Street,
Jan-25,7910,2223,ADULT DIAPERS, 68 , 31 ,46%,???? ???? ????  ,Pharmacy 74,Mohamed Erfan,Gizan,Southern Region,Street,
Jan-25,7910,3001,PREMIUM, 65 , 46 ,70%,???? ???? ????  ,Pharmacy 74,Mohamed Erfan,Gizan,Southern Region,Street,
Feb-25,4148,1001,MEDCINE," 64,525 "," 17,686 ",27%,Saber Mohamed,Pharmacy 1,Abbdallah,Riyadh,Middle Region,PolyClinic,
Feb-25,4148,1002,ANTIBIOTIC," 20,906 "," 12,320 ",59%,Saber Mohamed,Pharmacy 1,Abbdallah,Riyadh,Middle Region,PolyClinic,
Feb-25,4148,1003,ZERO BOUNS," 22,561 ", 792 ,4%,Saber Mohamed,Pharmacy 1,Abbdallah,Riyadh,Middle Region,PolyClinic,
Feb-25,4148,1004,MULTI VITAMIN AND HERBS," 19,987 "," 7,368 ",37%,Saber Mohamed,Pharmacy 1,Abbdallah,Riyadh,Middle Region,PolyClinic,
Feb-25,4148,1005,MEDCINE SP ITEMS," 16,282 "," (2,367)",-15%,Saber Mohamed,Pharmacy 1,Abbdallah,Riyadh,Middle Region,PolyClinic,
Feb-25,4148,1211,MILK POWDER," 5,412 ", 781 ,14%,Saber Mohamed,Pharmacy 1,Abbdallah,Riyadh,Middle Region,PolyClinic,
Feb-25,4148,2001,FOOD SUPLEMENTS, 83 , 27 ,32%,Saber Mohamed,Pharmacy 1,Abbdallah,Riyadh,Middle Region,PolyClinic,
Feb-25,4148,2002,CHILD CARE, 728 , 248 ,34%,Saber Mohamed,Pharmacy 1,Abbdallah,Riyadh,Middle Region,PolyClinic,
Feb-25,4148,2003,HAIR CARE, 508 , 155 ,31%,Saber Mohamed,Pharmacy 1,Abbdallah,Riyadh,Middle Region,PolyClinic,
Feb-25,4148,2004,HAIR COLORANTS, 573 , 159 ,28%,Saber Mohamed,Pharmacy 1,Abbdallah,Riyadh,Middle Region,PolyClinic,
Feb-25,4148,2005,MOUTH AND TEETH CARE," 1,181 ", 376 ,32%,Saber Mohamed,Pharmacy 1,Abbdallah,Riyadh,Middle Region,PolyClinic,
Feb-25,4148,2006,SKIN CARE," 2,411 ", 759 ,31%,Saber Mohamed,Pharmacy 1,Abbdallah,Riyadh,Middle Region,PolyClinic,
Feb-25,4148,2007,MEDICAL APPLIANCES," 3,693 ", (944),-26%,Saber Mohamed,Pharmacy 1,Abbdallah,Riyadh,Middle Region,PolyClinic,
Feb-25,4148,2221,KIDS DIAPERS, 868 , 98 ,11%,Saber Mohamed,Pharmacy 1,Abbdallah,Riyadh,Middle Region,PolyClinic,
Feb-25,4148,2222,FEMALES DIAPERS, 542 , 108 ,20%,Saber Mohamed,Pharmacy 1,Abbdallah,Riyadh,Middle Region,PolyClinic,
Feb-25,4148,2223,ADULT DIAPERS, 71 , 7 ,9%,Saber Mohamed,Pharmacy 1,Abbdallah,Riyadh,Middle Region,PolyClinic,
Feb-25,4148,3001,PREMIUM, 806 , 351 ,43%,Saber Mohamed,Pharmacy 1,Abbdallah,Riyadh,Middle Region,PolyClinic,
Feb-25,4148,3002,CHILD-PREMIUM, 32 , 14 ,43%,Saber Mohamed,Pharmacy 1,Abbdallah,Riyadh,Middle Region,PolyClinic,
Feb-25,4148,3004,HEALTHY AND DIET FOOD, 49 , 22 ,44%,Saber Mohamed,Pharmacy 1,Abbdallah,Riyadh,Middle Region,PolyClinic,
Feb-25,4297,1001,MEDCINE," 57,480 "," 13,490 ",23%,???  ????,Pharmacy 1,Abbdallah,Riyadh,Middle Region,PolyClinic,
Feb-25,4297,1002,ANTIBIOTIC," 20,595 "," 11,136 ",54%,???  ????,Pharmacy 1,Abbdallah,Riyadh,Middle Region,PolyClinic,
Feb-25,4297,1003,ZERO BOUNS," 23,321 "," 1,539 ",7%,???  ????,Pharmacy 1,Abbdallah,Riyadh,Middle Region,PolyClinic,
Feb-25,4297,1004,MULTI VITAMIN AND HERBS," 21,549 "," 7,846 ",36%,???  ????,Pharmacy 1,Abbdallah,Riyadh,Middle Region,PolyClinic,
Feb-25,4297,1005,MEDCINE SP ITEMS," 15,608 "," (1,826)",-12%,???  ????,Pharmacy 1,Abbdallah,Riyadh,Middle Region,PolyClinic,
Feb-25,4297,1211,MILK POWDER," 4,440 ", 603 ,14%,???  ????,Pharmacy 1,Abbdallah,Riyadh,Middle Region,PolyClinic,
Feb-25,4297,2001,FOOD SUPLEMENTS, 114 , 43 ,38%,???  ????,Pharmacy 1,Abbdallah,Riyadh,Middle Region,PolyClinic,
Feb-25,4297,2002,CHILD CARE, 712 , 315 ,44%,???  ????,Pharmacy 1,Abbdallah,Riyadh,Middle Region,PolyClinic,
Feb-25,4297,2003,HAIR CARE, 366 , 97 ,27%,???  ????,Pharmacy 1,Abbdallah,Riyadh,Middle Region,PolyClinic,
Feb-25,4297,2004,HAIR COLORANTS, 233 , 51 ,22%,???  ????,Pharmacy 1,Abbdallah,Riyadh,Middle Region,PolyClinic,
Feb-25,4297,2005,MOUTH AND TEETH CARE, 714 , 320 ,45%,???  ????,Pharmacy 1,Abbdallah,Riyadh,Middle Region,PolyClinic,
Feb-25,4297,2006,SKIN CARE," 2,308 ", 735 ,32%,???  ????,Pharmacy 1,Abbdallah,Riyadh,Middle Region,PolyClinic,
Feb-25,4297,2007,MEDICAL APPLIANCES," 3,783 ", 687 ,18%,???  ????,Pharmacy 1,Abbdallah,Riyadh,Middle Region,PolyClinic,
Feb-25,4297,2221,KIDS DIAPERS, 942 , 139 ,15%,???  ????,Pharmacy 1,Abbdallah,Riyadh,Middle Region,PolyClinic,
Feb-25,4297,2222,FEMALES DIAPERS, 818 , 173 ,21%,???  ????,Pharmacy 1,Abbdallah,Riyadh,Middle Region,PolyClinic,
Feb-25,4297,3001,PREMIUM, 403 , 203 ,50%,???  ????,Pharmacy 1,Abbdallah,Riyadh,Middle Region,PolyClinic,
Feb-25,4297,3002,CHILD-PREMIUM, 70 , 30 ,43%,???  ????,Pharmacy 1,Abbdallah,Riyadh,Middle Region,PolyClinic,
Feb-25,4297,3003,PERSONAL CARE, 48 , 26 ,55%,???  ????,Pharmacy 1,Abbdallah,Riyadh,Middle Region,PolyClinic,
Feb-25,4297,3201,DECLARE, 87 , 69 ,79%,???  ????,Pharmacy 1,Abbdallah,Riyadh,Middle Region,PolyClinic,
Feb-25,4302,1001,MEDCINE," 60,405 "," 28,310 ",47%,???? ?????,Pharmacy 14,Abbdallah,Riyadh,Middle Region,PolyClinic,
Feb-25,4302,1002,ANTIBIOTIC," 20,965 "," 11,117 ",53%,???? ?????,Pharmacy 14,Abbdallah,Riyadh,Middle Region,PolyClinic,
Feb-25,4302,1003,ZERO BOUNS," 24,320 "," 5,678 ",23%,???? ?????,Pharmacy 14,Abbdallah,Riyadh,Middle Region,PolyClinic,
Feb-25,4302,1004,MULTI VITAMIN AND HERBS," 41,635 "," 21,614 ",52%,???? ?????,Pharmacy 14,Abbdallah,Riyadh,Middle Region,PolyClinic,
Feb-25,4302,1005,MEDCINE SP ITEMS," 2,299 ", 358 ,16%,???? ?????,Pharmacy 14,Abbdallah,Riyadh,Middle Region,PolyClinic,
Feb-25,4302,1211,MILK POWDER," 2,175 ", 217 ,10%,???? ?????,Pharmacy 14,Abbdallah,Riyadh,Middle Region,PolyClinic,
Feb-25,4302,2001,FOOD SUPLEMENTS, 564 , 224 ,40%,???? ?????,Pharmacy 14,Abbdallah,Riyadh,Middle Region,PolyClinic,
Feb-25,4302,2002,CHILD CARE, 971 , 305 ,31%,???? ?????,Pharmacy 14,Abbdallah,Riyadh,Middle Region,PolyClinic,
Feb-25,4302,2003,HAIR CARE," 1,031 ", 292 ,28%,???? ?????,Pharmacy 14,Abbdallah,Riyadh,Middle Region,PolyClinic,
Feb-25,4302,2004,HAIR COLORANTS, 520 , 113 ,22%,???? ?????,Pharmacy 14,Abbdallah,Riyadh,Middle Region,PolyClinic,
Feb-25,4302,2005,MOUTH AND TEETH CARE," 4,027 "," 1,799 ",45%,???? ?????,Pharmacy 14,Abbdallah,Riyadh,Middle Region,PolyClinic,
Feb-25,4302,2006,SKIN CARE," 5,173 "," 1,716 ",33%,???? ?????,Pharmacy 14,Abbdallah,Riyadh,Middle Region,PolyClinic,
Feb-25,4302,2007,MEDICAL APPLIANCES," 4,471 "," 2,529 ",57%,???? ?????,Pharmacy 14,Abbdallah,Riyadh,Middle Region,PolyClinic,
Feb-25,4302,2221,KIDS DIAPERS, 411 , 82 ,20%,???? ?????,Pharmacy 14,Abbdallah,Riyadh,Middle Region,PolyClinic,
Feb-25,4302,2222,FEMALES DIAPERS," 1,339 ", 265 ,20%,???? ?????,Pharmacy 14,Abbdallah,Riyadh,Middle Region,PolyClinic,
Feb-25,4302,3001,PREMIUM," 17,894 "," 8,861 ",50%,???? ?????,Pharmacy 14,Abbdallah,Riyadh,Middle Region,PolyClinic,
Feb-25,4302,3002,CHILD-PREMIUM, 312 , 169 ,54%,???? ?????,Pharmacy 14,Abbdallah,Riyadh,Middle Region,PolyClinic,
Feb-25,4302,3003,PERSONAL CARE," 1,190 ", 581 ,49%,???? ?????,Pharmacy 14,Abbdallah,Riyadh,Middle Region,PolyClinic,
Feb-25,4302,3005,MAKE-UP, 398 , 186 ,47%,???? ?????,Pharmacy 14,Abbdallah,Riyadh,Middle Region,PolyClinic,
Feb-25,4302,3201,DECLARE," 2,621 "," 2,193 ",84%,???? ?????,Pharmacy 14,Abbdallah,Riyadh,Middle Region,PolyClinic,
Feb-25,4302,4201,LAB, 650 , 520 ,80%,???? ?????,Pharmacy 14,Abbdallah,Riyadh,Middle Region,PolyClinic,
Feb-25,4408,1001,MEDCINE," 54,141 "," 26,211 ",48%,Ashraf Madkour,Pharmacy 14,Abbdallah,Riyadh,Middle Region,PolyClinic,
Feb-25,4408,1002,ANTIBIOTIC," 18,778 "," 9,848 ",52%,Ashraf Madkour,Pharmacy 14,Abbdallah,Riyadh,Middle Region,PolyClinic,
Feb-25,4408,1003,ZERO BOUNS," 26,781 "," 5,336 ",20%,Ashraf Madkour,Pharmacy 14,Abbdallah,Riyadh,Middle Region,PolyClinic,
Feb-25,4408,1004,MULTI VITAMIN AND HERBS," 39,947 "," 20,680 ",52%,Ashraf Madkour,Pharmacy 14,Abbdallah,Riyadh,Middle Region,PolyClinic,
Feb-25,4408,1005,MEDCINE SP ITEMS," 1,563 ", 209 ,13%,Ashraf Madkour,Pharmacy 14,Abbdallah,Riyadh,Middle Region,PolyClinic,
Feb-25,4408,1211,MILK POWDER," 1,384 ", 170 ,12%,Ashraf Madkour,Pharmacy 14,Abbdallah,Riyadh,Middle Region,PolyClinic,
Feb-25,4408,2001,FOOD SUPLEMENTS, 749 , 364 ,49%,Ashraf Madkour,Pharmacy 14,Abbdallah,Riyadh,Middle Region,PolyClinic,
Feb-25,4408,2002,CHILD CARE," 1,018 ", 290 ,29%,Ashraf Madkour,Pharmacy 14,Abbdallah,Riyadh,Middle Region,PolyClinic,
Feb-25,4408,2003,HAIR CARE," 1,273 ", 407 ,32%,Ashraf Madkour,Pharmacy 14,Abbdallah,Riyadh,Middle Region,PolyClinic,
Feb-25,4408,2004,HAIR COLORANTS, 465 , 107 ,23%,Ashraf Madkour,Pharmacy 14,Abbdallah,Riyadh,Middle Region,PolyClinic,
Feb-25,4408,2005,MOUTH AND TEETH CARE," 3,490 "," 1,468 ",42%,Ashraf Madkour,Pharmacy 14,Abbdallah,Riyadh,Middle Region,PolyClinic,
Feb-25,4408,2006,SKIN CARE," 4,538 "," 1,725 ",38%,Ashraf Madkour,Pharmacy 14,Abbdallah,Riyadh,Middle Region,PolyClinic,
Feb-25,4408,2007,MEDICAL APPLIANCES," 5,347 "," 3,133 ",59%,Ashraf Madkour,Pharmacy 14,Abbdallah,Riyadh,Middle Region,PolyClinic,
Feb-25,4408,2221,KIDS DIAPERS, 134 , 13 ,10%,Ashraf Madkour,Pharmacy 14,Abbdallah,Riyadh,Middle Region,PolyClinic,
Feb-25,4408,2222,FEMALES DIAPERS," 1,158 ", 233 ,20%,Ashraf Madkour,Pharmacy 14,Abbdallah,Riyadh,Middle Region,PolyClinic,
Feb-25,4408,3001,PREMIUM," 23,177 "," 11,479 ",50%,Ashraf Madkour,Pharmacy 14,Abbdallah,Riyadh,Middle Region,PolyClinic,
Feb-25,4408,3002,CHILD-PREMIUM, 117 , 57 ,49%,Ashraf Madkour,Pharmacy 14,Abbdallah,Riyadh,Middle Region,PolyClinic,
Feb-25,4408,3003,PERSONAL CARE," 1,182 ", 547 ,46%,Ashraf Madkour,Pharmacy 14,Abbdallah,Riyadh,Middle Region,PolyClinic,
Feb-25,4408,3004,HEALTHY AND DIET FOOD, 20 , 8 ,41%,Ashraf Madkour,Pharmacy 14,Abbdallah,Riyadh,Middle Region,PolyClinic,
Feb-25,4408,3005,MAKE-UP, 621 , 190 ,31%,Ashraf Madkour,Pharmacy 14,Abbdallah,Riyadh,Middle Region,PolyClinic,
Feb-25,4408,3201,DECLARE," 1,677 "," 1,399 ",83%,Ashraf Madkour,Pharmacy 14,Abbdallah,Riyadh,Middle Region,PolyClinic,
Feb-25,4408,4201,LAB, 335 , 268 ,80%,Ashraf Madkour,Pharmacy 14,Abbdallah,Riyadh,Middle Region,PolyClinic,
Feb-25,4410,1001,MEDCINE," 43,617 "," 22,387 ",51%,???? ,Pharmacy 14,Abbdallah,Riyadh,Middle Region,PolyClinic,
Feb-25,4410,1002,ANTIBIOTIC," 14,240 "," 6,922 ",49%,???? ,Pharmacy 14,Abbdallah,Riyadh,Middle Region,PolyClinic,
Feb-25,4410,1003,ZERO BOUNS," 15,748 "," 4,008 ",25%,???? ,Pharmacy 14,Abbdallah,Riyadh,Middle Region,PolyClinic,
Feb-25,4410,1004,MULTI VITAMIN AND HERBS," 29,127 "," 14,655 ",50%,???? ,Pharmacy 14,Abbdallah,Riyadh,Middle Region,PolyClinic,
Feb-25,4410,1005,MEDCINE SP ITEMS," 2,493 ", 405 ,16%,???? ,Pharmacy 14,Abbdallah,Riyadh,Middle Region,PolyClinic,
Feb-25,4410,1211,MILK POWDER," 1,311 ", 142 ,11%,???? ,Pharmacy 14,Abbdallah,Riyadh,Middle Region,PolyClinic,
Feb-25,4410,2001,FOOD SUPLEMENTS, 171 , 72 ,42%,???? ,Pharmacy 14,Abbdallah,Riyadh,Middle Region,PolyClinic,
Feb-25,4410,2002,CHILD CARE, 339 , 106 ,31%,???? ,Pharmacy 14,Abbdallah,Riyadh,Middle Region,PolyClinic,
Feb-25,4410,2003,HAIR CARE, 560 , 102 ,18%,???? ,Pharmacy 14,Abbdallah,Riyadh,Middle Region,PolyClinic,
Feb-25,4410,2004,HAIR COLORANTS, 304 , 61 ,20%,???? ,Pharmacy 14,Abbdallah,Riyadh,Middle Region,PolyClinic,
Feb-25,4410,2005,MOUTH AND TEETH CARE," 2,764 "," 1,239 ",45%,???? ,Pharmacy 14,Abbdallah,Riyadh,Middle Region,PolyClinic,
Feb-25,4410,2006,SKIN CARE," 3,197 "," 1,111 ",35%,???? ,Pharmacy 14,Abbdallah,Riyadh,Middle Region,PolyClinic,
Feb-25,4410,2007,MEDICAL APPLIANCES," 3,508 "," 1,931 ",55%,???? ,Pharmacy 14,Abbdallah,Riyadh,Middle Region,PolyClinic,
Feb-25,4410,2221,KIDS DIAPERS, 231 , 25 ,11%,???? ,Pharmacy 14,Abbdallah,Riyadh,Middle Region,PolyClinic,
Feb-25,4410,2222,FEMALES DIAPERS, 562 , 70 ,13%,???? ,Pharmacy 14,Abbdallah,Riyadh,Middle Region,PolyClinic,
Feb-25,4410,3001,PREMIUM," 10,251 "," 4,914 ",48%,???? ,Pharmacy 14,Abbdallah,Riyadh,Middle Region,PolyClinic,
Feb-25,4410,3002,CHILD-PREMIUM, 55 , 39 ,70%,???? ,Pharmacy 14,Abbdallah,Riyadh,Middle Region,PolyClinic,
Feb-25,4410,3003,PERSONAL CARE, 378 , 190 ,50%,???? ,Pharmacy 14,Abbdallah,Riyadh,Middle Region,PolyClinic,
Feb-25,4410,3004,HEALTHY AND DIET FOOD, 84 , 34 ,40%,???? ,Pharmacy 14,Abbdallah,Riyadh,Middle Region,PolyClinic,
Feb-25,4410,3005,MAKE-UP, 175 , 67 ,38%,???? ,Pharmacy 14,Abbdallah,Riyadh,Middle Region,PolyClinic,
Feb-25,4410,3201,DECLARE, 942 , 780 ,83%,???? ,Pharmacy 14,Abbdallah,Riyadh,Middle Region,PolyClinic,
Feb-25,4410,4201,LAB, 150 , 120 ,80%,???? ,Pharmacy 14,Abbdallah,Riyadh,Middle Region,PolyClinic,
Feb-25,4228,1001,MEDCINE," 11,366 "," 4,574 ",40%,???? ????? ???? ,Pharmacy 15,Sameh Zaki,Hafar Al Batin,Eastern Region,Street,
Feb-25,4228,1002,ANTIBIOTIC," 2,386 "," 1,148 ",48%,???? ????? ???? ,Pharmacy 15,Sameh Zaki,Hafar Al Batin,Eastern Region,Street,
Feb-25,4228,1003,ZERO BOUNS," 9,146 ", 839 ,9%,???? ????? ???? ,Pharmacy 15,Sameh Zaki,Hafar Al Batin,Eastern Region,Street,
Feb-25,4228,1004,MULTI VITAMIN AND HERBS," 9,983 "," 4,316 ",43%,???? ????? ???? ,Pharmacy 15,Sameh Zaki,Hafar Al Batin,Eastern Region,Street,
Feb-25,4228,1005,MEDCINE SP ITEMS," 3,072 ", (616),-20%,???? ????? ???? ,Pharmacy 15,Sameh Zaki,Hafar Al Batin,Eastern Region,Street,
Feb-25,4228,1211,MILK POWDER," 1,387 ", 83 ,6%,???? ????? ???? ,Pharmacy 15,Sameh Zaki,Hafar Al Batin,Eastern Region,Street,
Feb-25,4228,2001,FOOD SUPLEMENTS, 57 , 15 ,27%,???? ????? ???? ,Pharmacy 15,Sameh Zaki,Hafar Al Batin,Eastern Region,Street,
Feb-25,4228,2002,CHILD CARE, 665 , 218 ,33%,???? ????? ???? ,Pharmacy 15,Sameh Zaki,Hafar Al Batin,Eastern Region,Street,
Feb-25,4228,2003,HAIR CARE, 921 , 214 ,23%,???? ????? ???? ,Pharmacy 15,Sameh Zaki,Hafar Al Batin,Eastern Region,Street,
Feb-25,4228,2004,HAIR COLORANTS," 1,232 ", 274 ,22%,???? ????? ???? ,Pharmacy 15,Sameh Zaki,Hafar Al Batin,Eastern Region,Street,
Feb-25,4228,2005,MOUTH AND TEETH CARE," 2,233 ", 982 ,44%,???? ????? ???? ,Pharmacy 15,Sameh Zaki,Hafar Al Batin,Eastern Region,Street,
Feb-25,4228,2006,SKIN CARE," 3,281 "," 1,014 ",31%,???? ????? ???? ,Pharmacy 15,Sameh Zaki,Hafar Al Batin,Eastern Region,Street,
Feb-25,4228,2007,MEDICAL APPLIANCES," 2,354 ", 530 ,23%,???? ????? ???? ,Pharmacy 15,Sameh Zaki,Hafar Al Batin,Eastern Region,Street,
Feb-25,4228,2221,KIDS DIAPERS," 1,077 ", 130 ,12%,???? ????? ???? ,Pharmacy 15,Sameh Zaki,Hafar Al Batin,Eastern Region,Street,
Feb-25,4228,2222,FEMALES DIAPERS," 1,342 ", 347 ,26%,???? ????? ???? ,Pharmacy 15,Sameh Zaki,Hafar Al Batin,Eastern Region,Street,
Feb-25,4228,2223,ADULT DIAPERS, 247 , 43 ,17%,???? ????? ???? ,Pharmacy 15,Sameh Zaki,Hafar Al Batin,Eastern Region,Street,
Feb-25,4228,3001,PREMIUM," 2,626 "," 1,378 ",52%,???? ????? ???? ,Pharmacy 15,Sameh Zaki,Hafar Al Batin,Eastern Region,Street,
Feb-25,4228,3002,CHILD-PREMIUM, 198 , 77 ,39%,???? ????? ???? ,Pharmacy 15,Sameh Zaki,Hafar Al Batin,Eastern Region,Street,
Feb-25,4228,3003,PERSONAL CARE, 62 , 26 ,41%,???? ????? ???? ,Pharmacy 15,Sameh Zaki,Hafar Al Batin,Eastern Region,Street,
Feb-25,4228,3004,HEALTHY AND DIET FOOD, 225 , 120 ,53%,???? ????? ???? ,Pharmacy 15,Sameh Zaki,Hafar Al Batin,Eastern Region,Street,
Feb-25,4228,3005,MAKE-UP, 184 , 76 ,41%,???? ????? ???? ,Pharmacy 15,Sameh Zaki,Hafar Al Batin,Eastern Region,Street,
Feb-25,4228,3201,DECLARE," 1,008 ", 820 ,81%,???? ????? ???? ,Pharmacy 15,Sameh Zaki,Hafar Al Batin,Eastern Region,Street,
Feb-25,4265,1001,MEDCINE," 25,168 "," 7,215 ",29%,???? ???? ???? ????,Pharmacy 15,Sameh Zaki,Hafar Al Batin,Eastern Region,Street,
Feb-25,4265,1002,ANTIBIOTIC," 4,927 "," 1,905 ",39%,???? ???? ???? ????,Pharmacy 15,Sameh Zaki,Hafar Al Batin,Eastern Region,Street,
Feb-25,4265,1003,ZERO BOUNS," 14,436 "," 1,747 ",12%,???? ???? ???? ????,Pharmacy 15,Sameh Zaki,Hafar Al Batin,Eastern Region,Street,
Feb-25,4265,1004,MULTI VITAMIN AND HERBS," 12,155 "," 4,918 ",40%,???? ???? ???? ????,Pharmacy 15,Sameh Zaki,Hafar Al Batin,Eastern Region,Street,
Feb-25,4265,1005,MEDCINE SP ITEMS," 2,614 ", (783),-30%,???? ???? ???? ????,Pharmacy 15,Sameh Zaki,Hafar Al Batin,Eastern Region,Street,
Feb-25,4265,1211,MILK POWDER," 2,280 ", 223 ,10%,???? ???? ???? ????,Pharmacy 15,Sameh Zaki,Hafar Al Batin,Eastern Region,Street,
Feb-25,4265,2001,FOOD SUPLEMENTS, 231 , 77 ,33%,???? ???? ???? ????,Pharmacy 15,Sameh Zaki,Hafar Al Batin,Eastern Region,Street,
Feb-25,4265,2002,CHILD CARE, 518 , 196 ,38%,???? ???? ???? ????,Pharmacy 15,Sameh Zaki,Hafar Al Batin,Eastern Region,Street,
Feb-25,4265,2003,HAIR CARE," 1,053 ", 244 ,23%,???? ???? ???? ????,Pharmacy 15,Sameh Zaki,Hafar Al Batin,Eastern Region,Street,
Feb-25,4265,2004,HAIR COLORANTS, 862 , 152 ,18%,???? ???? ???? ????,Pharmacy 15,Sameh Zaki,Hafar Al Batin,Eastern Region,Street,
Feb-25,4265,2005,MOUTH AND TEETH CARE," 2,476 "," 1,232 ",50%,???? ???? ???? ????,Pharmacy 15,Sameh Zaki,Hafar Al Batin,Eastern Region,Street,
Feb-25,4265,2006,SKIN CARE," 4,172 "," 1,195 ",29%,???? ???? ???? ????,Pharmacy 15,Sameh Zaki,Hafar Al Batin,Eastern Region,Street,
Feb-25,4265,2007,MEDICAL APPLIANCES," 2,923 "," 1,682 ",58%,???? ???? ???? ????,Pharmacy 15,Sameh Zaki,Hafar Al Batin,Eastern Region,Street,
Feb-25,4265,2221,KIDS DIAPERS," 1,368 ", 145 ,11%,???? ???? ???? ????,Pharmacy 15,Sameh Zaki,Hafar Al Batin,Eastern Region,Street,
Feb-25,4265,2222,FEMALES DIAPERS," 1,590 ", 325 ,20%,???? ???? ???? ????,Pharmacy 15,Sameh Zaki,Hafar Al Batin,Eastern Region,Street,
Feb-25,4265,2223,ADULT DIAPERS, 235 , 27 ,11%,???? ???? ???? ????,Pharmacy 15,Sameh Zaki,Hafar Al Batin,Eastern Region,Street,
Feb-25,4265,3001,PREMIUM," 3,179 "," 1,576 ",50%,???? ???? ???? ????,Pharmacy 15,Sameh Zaki,Hafar Al Batin,Eastern Region,Street,
Feb-25,4265,3002,CHILD-PREMIUM, 132 , 21 ,16%,???? ???? ???? ????,Pharmacy 15,Sameh Zaki,Hafar Al Batin,Eastern Region,Street,
Feb-25,4265,3003,PERSONAL CARE, 23 , 11 ,49%,???? ???? ???? ????,Pharmacy 15,Sameh Zaki,Hafar Al Batin,Eastern Region,Street,
Feb-25,4265,3004,HEALTHY AND DIET FOOD, 125 , 38 ,30%,???? ???? ???? ????,Pharmacy 15,Sameh Zaki,Hafar Al Batin,Eastern Region,Street,
Feb-25,4265,3005,MAKE-UP, 119 , 47 ,40%,???? ???? ???? ????,Pharmacy 15,Sameh Zaki,Hafar Al Batin,Eastern Region,Street,
Feb-25,4265,3201,DECLARE," 1,109 ", 947 ,85%,???? ???? ???? ????,Pharmacy 15,Sameh Zaki,Hafar Al Batin,Eastern Region,Street,
Feb-25,4228,1001,MEDCINE," 11,366 "," 4,574 ",40%,???? ????? ???? ,Pharmacy 15,Sameh Zaki,Hafar Al Batin,Eastern Region,Street,
Feb-25,4228,1002,ANTIBIOTIC," 2,386 "," 1,148 ",48%,???? ????? ???? ,Pharmacy 15,Sameh Zaki,Hafar Al Batin,Eastern Region,Street,
Feb-25,4228,1003,ZERO BOUNS," 9,146 ", 839 ,9%,???? ????? ???? ,Pharmacy 15,Sameh Zaki,Hafar Al Batin,Eastern Region,Street,
Feb-25,4228,1004,MULTI VITAMIN AND HERBS," 9,983 "," 4,316 ",43%,???? ????? ???? ,Pharmacy 15,Sameh Zaki,Hafar Al Batin,Eastern Region,Street,
Feb-25,4228,1005,MEDCINE SP ITEMS," 3,072 ", (616),-20%,???? ????? ???? ,Pharmacy 15,Sameh Zaki,Hafar Al Batin,Eastern Region,Street,
Feb-25,4228,1211,MILK POWDER," 1,387 ", 83 ,6%,???? ????? ???? ,Pharmacy 15,Sameh Zaki,Hafar Al Batin,Eastern Region,Street,
Feb-25,4228,2001,FOOD SUPLEMENTS, 57 , 15 ,27%,???? ????? ???? ,Pharmacy 15,Sameh Zaki,Hafar Al Batin,Eastern Region,Street,
Feb-25,4228,2002,CHILD CARE, 665 , 218 ,33%,???? ????? ???? ,Pharmacy 15,Sameh Zaki,Hafar Al Batin,Eastern Region,Street,
Feb-25,4228,2003,HAIR CARE, 921 , 214 ,23%,???? ????? ???? ,Pharmacy 15,Sameh Zaki,Hafar Al Batin,Eastern Region,Street,
Feb-25,4228,2004,HAIR COLORANTS," 1,232 ", 274 ,22%,???? ????? ???? ,Pharmacy 15,Sameh Zaki,Hafar Al Batin,Eastern Region,Street,
Feb-25,4228,2005,MOUTH AND TEETH CARE," 2,233 ", 982 ,44%,???? ????? ???? ,Pharmacy 15,Sameh Zaki,Hafar Al Batin,Eastern Region,Street,
Feb-25,4228,2006,SKIN CARE," 3,281 "," 1,014 ",31%,???? ????? ???? ,Pharmacy 15,Sameh Zaki,Hafar Al Batin,Eastern Region,Street,
Feb-25,4228,2007,MEDICAL APPLIANCES," 2,354 ", 530 ,23%,???? ????? ???? ,Pharmacy 15,Sameh Zaki,Hafar Al Batin,Eastern Region,Street,
Feb-25,4228,2221,KIDS DIAPERS," 1,077 ", 130 ,12%,???? ????? ???? ,Pharmacy 15,Sameh Zaki,Hafar Al Batin,Eastern Region,Street,
Feb-25,4228,2222,FEMALES DIAPERS," 1,342 ", 347 ,26%,???? ????? ???? ,Pharmacy 15,Sameh Zaki,Hafar Al Batin,Eastern Region,Street,
Feb-25,4228,2223,ADULT DIAPERS, 247 , 43 ,17%,???? ????? ???? ,Pharmacy 15,Sameh Zaki,Hafar Al Batin,Eastern Region,Street,
Feb-25,4228,3001,PREMIUM," 2,626 "," 1,378 ",52%,???? ????? ???? ,Pharmacy 15,Sameh Zaki,Hafar Al Batin,Eastern Region,Street,
Feb-25,4228,3002,CHILD-PREMIUM, 198 , 77 ,39%,???? ????? ???? ,Pharmacy 15,Sameh Zaki,Hafar Al Batin,Eastern Region,Street,
Feb-25,4228,3003,PERSONAL CARE, 62 , 26 ,41%,???? ????? ???? ,Pharmacy 15,Sameh Zaki,Hafar Al Batin,Eastern Region,Street,
Feb-25,4228,3004,HEALTHY AND DIET FOOD, 225 , 120 ,53%,???? ????? ???? ,Pharmacy 15,Sameh Zaki,Hafar Al Batin,Eastern Region,Street,
Feb-25,4228,3005,MAKE-UP, 184 , 76 ,41%,???? ????? ???? ,Pharmacy 15,Sameh Zaki,Hafar Al Batin,Eastern Region,Street,
Feb-25,4228,3201,DECLARE," 1,008 ", 820 ,81%,???? ????? ???? ,Pharmacy 15,Sameh Zaki,Hafar Al Batin,Eastern Region,Street,
Feb-25,4265,1001,MEDCINE," 25,168 "," 7,215 ",29%,???? ???? ???? ????,Pharmacy 15,Sameh Zaki,Hafar Al Batin,Eastern Region,Street,
Feb-25,4265,1002,ANTIBIOTIC," 4,927 "," 1,905 ",39%,???? ???? ???? ????,Pharmacy 15,Sameh Zaki,Hafar Al Batin,Eastern Region,Street,
Feb-25,4265,1003,ZERO BOUNS," 14,436 "," 1,747 ",12%,???? ???? ???? ????,Pharmacy 15,Sameh Zaki,Hafar Al Batin,Eastern Region,Street,
Feb-25,4265,1004,MULTI VITAMIN AND HERBS," 12,155 "," 4,918 ",40%,???? ???? ???? ????,Pharmacy 15,Sameh Zaki,Hafar Al Batin,Eastern Region,Street,
Feb-25,4265,1005,MEDCINE SP ITEMS," 2,614 ", (783),-30%,???? ???? ???? ????,Pharmacy 15,Sameh Zaki,Hafar Al Batin,Eastern Region,Street,
Feb-25,4265,1211,MILK POWDER," 2,280 ", 223 ,10%,???? ???? ???? ????,Pharmacy 15,Sameh Zaki,Hafar Al Batin,Eastern Region,Street,
Feb-25,4265,2001,FOOD SUPLEMENTS, 231 , 77 ,33%,???? ???? ???? ????,Pharmacy 15,Sameh Zaki,Hafar Al Batin,Eastern Region,Street,
Feb-25,4265,2002,CHILD CARE, 518 , 196 ,38%,???? ???? ???? ????,Pharmacy 15,Sameh Zaki,Hafar Al Batin,Eastern Region,Street,
Feb-25,4265,2003,HAIR CARE," 1,053 ", 244 ,23%,???? ???? ???? ????,Pharmacy 15,Sameh Zaki,Hafar Al Batin,Eastern Region,Street,
Feb-25,4265,2004,HAIR COLORANTS, 862 , 152 ,18%,???? ???? ???? ????,Pharmacy 15,Sameh Zaki,Hafar Al Batin,Eastern Region,Street,
Feb-25,4265,2005,MOUTH AND TEETH CARE," 2,476 "," 1,232 ",50%,???? ???? ???? ????,Pharmacy 15,Sameh Zaki,Hafar Al Batin,Eastern Region,Street,
Feb-25,4265,2006,SKIN CARE," 4,172 "," 1,195 ",29%,???? ???? ???? ????,Pharmacy 15,Sameh Zaki,Hafar Al Batin,Eastern Region,Street,
Feb-25,4265,2007,MEDICAL APPLIANCES," 2,923 "," 1,682 ",58%,???? ???? ???? ????,Pharmacy 15,Sameh Zaki,Hafar Al Batin,Eastern Region,Street,
Feb-25,4265,2221,KIDS DIAPERS," 1,368 ", 145 ,11%,???? ???? ???? ????,Pharmacy 15,Sameh Zaki,Hafar Al Batin,Eastern Region,Street,
Feb-25,4265,2222,FEMALES DIAPERS," 1,590 ", 325 ,20%,???? ???? ???? ????,Pharmacy 15,Sameh Zaki,Hafar Al Batin,Eastern Region,Street,
Feb-25,4265,2223,ADULT DIAPERS, 235 , 27 ,11%,???? ???? ???? ????,Pharmacy 15,Sameh Zaki,Hafar Al Batin,Eastern Region,Street,
Feb-25,4265,3001,PREMIUM," 3,179 "," 1,576 ",50%,???? ???? ???? ????,Pharmacy 15,Sameh Zaki,Hafar Al Batin,Eastern Region,Street,
Feb-25,4265,3002,CHILD-PREMIUM, 132 , 21 ,16%,???? ???? ???? ????,Pharmacy 15,Sameh Zaki,Hafar Al Batin,Eastern Region,Street,
Feb-25,4265,3003,PERSONAL CARE, 23 , 11 ,49%,???? ???? ???? ????,Pharmacy 15,Sameh Zaki,Hafar Al Batin,Eastern Region,Street,
Feb-25,4265,3004,HEALTHY AND DIET FOOD, 125 , 38 ,30%,???? ???? ???? ????,Pharmacy 15,Sameh Zaki,Hafar Al Batin,Eastern Region,Street,
Feb-25,4265,3005,MAKE-UP, 119 , 47 ,40%,???? ???? ???? ????,Pharmacy 15,Sameh Zaki,Hafar Al Batin,Eastern Region,Street,
Feb-25,4265,3201,DECLARE," 1,109 ", 947 ,85%,???? ???? ???? ????,Pharmacy 15,Sameh Zaki,Hafar Al Batin,Eastern Region,Street,
Feb-25,4151,1001,MEDCINE," 37,891 "," 15,439 ",41%,???? ??? ??????? ,Pharmacy 16,Sameh Zaki,Hafar Al Batin,Eastern Region,Street,
Feb-25,4151,1002,ANTIBIOTIC," 6,251 "," 2,599 ",42%,???? ??? ??????? ,Pharmacy 16,Sameh Zaki,Hafar Al Batin,Eastern Region,Street,
Feb-25,4151,1003,ZERO BOUNS," 17,439 "," 3,090 ",18%,???? ??? ??????? ,Pharmacy 16,Sameh Zaki,Hafar Al Batin,Eastern Region,Street,
Feb-25,4151,1004,MULTI VITAMIN AND HERBS," 14,111 "," 6,074 ",43%,???? ??? ??????? ,Pharmacy 16,Sameh Zaki,Hafar Al Batin,Eastern Region,Street,
Feb-25,4151,1005,MEDCINE SP ITEMS," 2,490 ", (276),-11%,???? ??? ??????? ,Pharmacy 16,Sameh Zaki,Hafar Al Batin,Eastern Region,Street,
Feb-25,4151,1211,MILK POWDER," 8,543 ", 840 ,10%,???? ??? ??????? ,Pharmacy 16,Sameh Zaki,Hafar Al Batin,Eastern Region,Street,
Feb-25,4151,2001,FOOD SUPLEMENTS, 301 , 120 ,40%,???? ??? ??????? ,Pharmacy 16,Sameh Zaki,Hafar Al Batin,Eastern Region,Street,
Feb-25,4151,2002,CHILD CARE," 1,392 ", 469 ,34%,???? ??? ??????? ,Pharmacy 16,Sameh Zaki,Hafar Al Batin,Eastern Region,Street,
Feb-25,4151,2003,HAIR CARE," 1,106 ", 175 ,16%,???? ??? ??????? ,Pharmacy 16,Sameh Zaki,Hafar Al Batin,Eastern Region,Street,
Feb-25,4151,2004,HAIR COLORANTS, 988 , 262 ,26%,???? ??? ??????? ,Pharmacy 16,Sameh Zaki,Hafar Al Batin,Eastern Region,Street,
Feb-25,4151,2005,MOUTH AND TEETH CARE," 1,795 ", 720 ,40%,???? ??? ??????? ,Pharmacy 16,Sameh Zaki,Hafar Al Batin,Eastern Region,Street,
Feb-25,4151,2006,SKIN CARE," 5,686 "," 1,674 ",29%,???? ??? ??????? ,Pharmacy 16,Sameh Zaki,Hafar Al Batin,Eastern Region,Street,
Feb-25,4151,2007,MEDICAL APPLIANCES," 3,475 "," 1,946 ",56%,???? ??? ??????? ,Pharmacy 16,Sameh Zaki,Hafar Al Batin,Eastern Region,Street,
Feb-25,4151,2221,KIDS DIAPERS," 3,656 ", 455 ,12%,???? ??? ??????? ,Pharmacy 16,Sameh Zaki,Hafar Al Batin,Eastern Region,Street,
Feb-25,4151,2222,FEMALES DIAPERS," 1,662 ", 364 ,22%,???? ??? ??????? ,Pharmacy 16,Sameh Zaki,Hafar Al Batin,Eastern Region,Street,
Feb-25,4151,2223,ADULT DIAPERS, 256 , 38 ,15%,???? ??? ??????? ,Pharmacy 16,Sameh Zaki,Hafar Al Batin,Eastern Region,Street,
Feb-25,4151,3001,PREMIUM," 1,813 "," 1,055 ",58%,???? ??? ??????? ,Pharmacy 16,Sameh Zaki,Hafar Al Batin,Eastern Region,Street,
Feb-25,4151,3002,CHILD-PREMIUM, 117 , 19 ,16%,???? ??? ??????? ,Pharmacy 16,Sameh Zaki,Hafar Al Batin,Eastern Region,Street,
Feb-25,4151,3003,PERSONAL CARE, 74 , 40 ,54%,???? ??? ??????? ,Pharmacy 16,Sameh Zaki,Hafar Al Batin,Eastern Region,Street,
Feb-25,4151,3004,HEALTHY AND DIET FOOD, 15 , 5 ,31%,???? ??? ??????? ,Pharmacy 16,Sameh Zaki,Hafar Al Batin,Eastern Region,Street,
Feb-25,4151,3201,DECLARE, 644 , 544 ,84%,???? ??? ??????? ,Pharmacy 16,Sameh Zaki,Hafar Al Batin,Eastern Region,Street,
Feb-25,4454,1001,MEDCINE, 679 , 302 ,44%,????? ?????,Pharmacy 16,Sameh Zaki,Hafar Al Batin,Eastern Region,Street,
Feb-25,4454,1003,ZERO BOUNS, 476 , 67 ,14%,????? ?????,Pharmacy 16,Sameh Zaki,Hafar Al Batin,Eastern Region,Street,
Feb-25,4454,1004,MULTI VITAMIN AND HERBS, 285 , 186 ,65%,????? ?????,Pharmacy 16,Sameh Zaki,Hafar Al Batin,Eastern Region,Street,
Feb-25,4454,1211,MILK POWDER, 86 , 11 ,12%,????? ?????,Pharmacy 16,Sameh Zaki,Hafar Al Batin,Eastern Region,Street,
Feb-25,4454,2002,CHILD CARE, 18 , 5 ,25%,????? ?????,Pharmacy 16,Sameh Zaki,Hafar Al Batin,Eastern Region,Street,
Feb-25,4454,2003,HAIR CARE, 82 , 43 ,53%,????? ?????,Pharmacy 16,Sameh Zaki,Hafar Al Batin,Eastern Region,Street,
Feb-25,4454,2004,HAIR COLORANTS, 120 , 29 ,24%,????? ?????,Pharmacy 16,Sameh Zaki,Hafar Al Batin,Eastern Region,Street,
Feb-25,4454,2005,MOUTH AND TEETH CARE, 56 , 36 ,64%,????? ?????,Pharmacy 16,Sameh Zaki,Hafar Al Batin,Eastern Region,Street,
Feb-25,4454,2007,MEDICAL APPLIANCES, 39 , 24 ,60%,????? ?????,Pharmacy 16,Sameh Zaki,Hafar Al Batin,Eastern Region,Street,
Feb-25,4454,2221,KIDS DIAPERS, 76 , 8 ,11%,????? ?????,Pharmacy 16,Sameh Zaki,Hafar Al Batin,Eastern Region,Street,
Feb-25,4454,2222,FEMALES DIAPERS, 16 , 3 ,17%,????? ?????,Pharmacy 16,Sameh Zaki,Hafar Al Batin,Eastern Region,Street,
Feb-25,4454,3001,PREMIUM, 98 , 64 ,65%,????? ?????,Pharmacy 16,Sameh Zaki,Hafar Al Batin,Eastern Region,Street,
Feb-25,4454,3005,MAKE-UP, 40 , 20 ,50%,????? ?????,Pharmacy 16,Sameh Zaki,Hafar Al Batin,Eastern Region,Street,
Feb-25,7362,1001,MEDCINE," 6,699 "," 1,500 ",22%,? ?????? ,Pharmacy 16,Sameh Zaki,Hafar Al Batin,Eastern Region,Street,
Feb-25,7362,1002,ANTIBIOTIC," 1,188 ", 322 ,27%,? ?????? ,Pharmacy 16,Sameh Zaki,Hafar Al Batin,Eastern Region,Street,
Feb-25,7362,1003,ZERO BOUNS," 3,020 ", 153 ,5%,? ?????? ,Pharmacy 16,Sameh Zaki,Hafar Al Batin,Eastern Region,Street,
Feb-25,7362,1004,MULTI VITAMIN AND HERBS, 790 , 257 ,33%,? ?????? ,Pharmacy 16,Sameh Zaki,Hafar Al Batin,Eastern Region,Street,
Feb-25,7362,1005,MEDCINE SP ITEMS, 429 , 65 ,15%,? ?????? ,Pharmacy 16,Sameh Zaki,Hafar Al Batin,Eastern Region,Street,
Feb-25,7362,1211,MILK POWDER," 1,281 ", 119 ,9%,? ?????? ,Pharmacy 16,Sameh Zaki,Hafar Al Batin,Eastern Region,Street,
Feb-25,7362,2001,FOOD SUPLEMENTS, 26 , 8 ,31%,? ?????? ,Pharmacy 16,Sameh Zaki,Hafar Al Batin,Eastern Region,Street,
Feb-25,7362,2002,CHILD CARE, 365 , 122 ,33%,? ?????? ,Pharmacy 16,Sameh Zaki,Hafar Al Batin,Eastern Region,Street,
Feb-25,7362,2003,HAIR CARE, 151 , 42 ,28%,? ?????? ,Pharmacy 16,Sameh Zaki,Hafar Al Batin,Eastern Region,Street,
Feb-25,7362,2004,HAIR COLORANTS, 136 , 42 ,31%,? ?????? ,Pharmacy 16,Sameh Zaki,Hafar Al Batin,Eastern Region,Street,
Feb-25,7362,2005,MOUTH AND TEETH CARE, 400 , 151 ,38%,? ?????? ,Pharmacy 16,Sameh Zaki,Hafar Al Batin,Eastern Region,Street,
Feb-25,7362,2006,SKIN CARE, 781 , 257 ,33%,? ?????? ,Pharmacy 16,Sameh Zaki,Hafar Al Batin,Eastern Region,Street,
Feb-25,7362,2007,MEDICAL APPLIANCES, 585 , 355 ,61%,? ?????? ,Pharmacy 16,Sameh Zaki,Hafar Al Batin,Eastern Region,Street,
Feb-25,7362,2221,KIDS DIAPERS, 427 , 63 ,15%,? ?????? ,Pharmacy 16,Sameh Zaki,Hafar Al Batin,Eastern Region,Street,
Feb-25,7362,2222,FEMALES DIAPERS, 195 , 40 ,21%,? ?????? ,Pharmacy 16,Sameh Zaki,Hafar Al Batin,Eastern Region,Street,
Feb-25,7362,2223,ADULT DIAPERS, 43 , 7 ,16%,? ?????? ,Pharmacy 16,Sameh Zaki,Hafar Al Batin,Eastern Region,Street,
Feb-25,7362,3001,PREMIUM, 729 , 469 ,64%,? ?????? ,Pharmacy 16,Sameh Zaki,Hafar Al Batin,Eastern Region,Street,
Feb-25,4151,1001,MEDCINE," 37,891 "," 15,439 ",41%,???? ??? ??????? ,Pharmacy 16,Sameh Zaki,Hafar Al Batin,Eastern Region,Street,
Feb-25,4151,1002,ANTIBIOTIC," 6,251 "," 2,599 ",42%,???? ??? ??????? ,Pharmacy 16,Sameh Zaki,Hafar Al Batin,Eastern Region,Street,
Feb-25,4151,1003,ZERO BOUNS," 17,439 "," 3,090 ",18%,???? ??? ??????? ,Pharmacy 16,Sameh Zaki,Hafar Al Batin,Eastern Region,Street,
Feb-25,4151,1004,MULTI VITAMIN AND HERBS," 14,111 "," 6,074 ",43%,???? ??? ??????? ,Pharmacy 16,Sameh Zaki,Hafar Al Batin,Eastern Region,Street,
Feb-25,4151,1005,MEDCINE SP ITEMS," 2,490 ", (276),-11%,???? ??? ??????? ,Pharmacy 16,Sameh Zaki,Hafar Al Batin,Eastern Region,Street,
Feb-25,4151,1211,MILK POWDER," 8,543 ", 840 ,10%,???? ??? ??????? ,Pharmacy 16,Sameh Zaki,Hafar Al Batin,Eastern Region,Street,
Feb-25,4151,2001,FOOD SUPLEMENTS, 301 , 120 ,40%,???? ??? ??????? ,Pharmacy 16,Sameh Zaki,Hafar Al Batin,Eastern Region,Street,
Feb-25,4151,2002,CHILD CARE," 1,392 ", 469 ,34%,???? ??? ??????? ,Pharmacy 16,Sameh Zaki,Hafar Al Batin,Eastern Region,Street,
Feb-25,4151,2003,HAIR CARE," 1,106 ", 175 ,16%,???? ??? ??????? ,Pharmacy 16,Sameh Zaki,Hafar Al Batin,Eastern Region,Street,
Feb-25,4151,2004,HAIR COLORANTS, 988 , 262 ,26%,???? ??? ??????? ,Pharmacy 16,Sameh Zaki,Hafar Al Batin,Eastern Region,Street,
Feb-25,4151,2005,MOUTH AND TEETH CARE," 1,795 ", 720 ,40%,???? ??? ??????? ,Pharmacy 16,Sameh Zaki,Hafar Al Batin,Eastern Region,Street,
Feb-25,4151,2006,SKIN CARE," 5,686 "," 1,674 ",29%,???? ??? ??????? ,Pharmacy 16,Sameh Zaki,Hafar Al Batin,Eastern Region,Street,
Feb-25,4151,2007,MEDICAL APPLIANCES," 3,475 "," 1,946 ",56%,???? ??? ??????? ,Pharmacy 16,Sameh Zaki,Hafar Al Batin,Eastern Region,Street,
Feb-25,4151,2221,KIDS DIAPERS," 3,656 ", 455 ,12%,???? ??? ??????? ,Pharmacy 16,Sameh Zaki,Hafar Al Batin,Eastern Region,Street,
Feb-25,4151,2222,FEMALES DIAPERS," 1,662 ", 364 ,22%,???? ??? ??????? ,Pharmacy 16,Sameh Zaki,Hafar Al Batin,Eastern Region,Street,
Feb-25,4151,2223,ADULT DIAPERS, 256 , 38 ,15%,???? ??? ??????? ,Pharmacy 16,Sameh Zaki,Hafar Al Batin,Eastern Region,Street,
Feb-25,4151,3001,PREMIUM," 1,813 "," 1,055 ",58%,???? ??? ??????? ,Pharmacy 16,Sameh Zaki,Hafar Al Batin,Eastern Region,Street,
Feb-25,4151,3002,CHILD-PREMIUM, 117 , 19 ,16%,???? ??? ??????? ,Pharmacy 16,Sameh Zaki,Hafar Al Batin,Eastern Region,Street,
Feb-25,4151,3003,PERSONAL CARE, 74 , 40 ,54%,???? ??? ??????? ,Pharmacy 16,Sameh Zaki,Hafar Al Batin,Eastern Region,Street,
Feb-25,4151,3004,HEALTHY AND DIET FOOD, 15 , 5 ,31%,???? ??? ??????? ,Pharmacy 16,Sameh Zaki,Hafar Al Batin,Eastern Region,Street,
Feb-25,4151,3201,DECLARE, 644 , 544 ,84%,???? ??? ??????? ,Pharmacy 16,Sameh Zaki,Hafar Al Batin,Eastern Region,Street,
Feb-25,4454,1001,MEDCINE, 679 , 302 ,44%,????? ?????,Pharmacy 16,Sameh Zaki,Hafar Al Batin,Eastern Region,Street,
Feb-25,4454,1003,ZERO BOUNS, 476 , 67 ,14%,????? ?????,Pharmacy 16,Sameh Zaki,Hafar Al Batin,Eastern Region,Street,
Feb-25,4454,1004,MULTI VITAMIN AND HERBS, 285 , 186 ,65%,????? ?????,Pharmacy 16,Sameh Zaki,Hafar Al Batin,Eastern Region,Street,
Feb-25,4454,1211,MILK POWDER, 86 , 11 ,12%,????? ?????,Pharmacy 16,Sameh Zaki,Hafar Al Batin,Eastern Region,Street,
Feb-25,4454,2002,CHILD CARE, 18 , 5 ,25%,????? ?????,Pharmacy 16,Sameh Zaki,Hafar Al Batin,Eastern Region,Street,
Feb-25,4454,2003,HAIR CARE, 82 , 43 ,53%,????? ?????,Pharmacy 16,Sameh Zaki,Hafar Al Batin,Eastern Region,Street,
Feb-25,4454,2004,HAIR COLORANTS, 120 , 29 ,24%,????? ?????,Pharmacy 16,Sameh Zaki,Hafar Al Batin,Eastern Region,Street,
Feb-25,4454,2005,MOUTH AND TEETH CARE, 56 , 36 ,64%,????? ?????,Pharmacy 16,Sameh Zaki,Hafar Al Batin,Eastern Region,Street,
Feb-25,4454,2007,MEDICAL APPLIANCES, 39 , 24 ,60%,????? ?????,Pharmacy 16,Sameh Zaki,Hafar Al Batin,Eastern Region,Street,
Feb-25,4454,2221,KIDS DIAPERS, 76 , 8 ,11%,????? ?????,Pharmacy 16,Sameh Zaki,Hafar Al Batin,Eastern Region,Street,
Feb-25,4454,2222,FEMALES DIAPERS, 16 , 3 ,17%,????? ?????,Pharmacy 16,Sameh Zaki,Hafar Al Batin,Eastern Region,Street,
Feb-25,4454,3001,PREMIUM, 98 , 64 ,65%,????? ?????,Pharmacy 16,Sameh Zaki,Hafar Al Batin,Eastern Region,Street,
Feb-25,4454,3005,MAKE-UP, 40 , 20 ,50%,????? ?????,Pharmacy 16,Sameh Zaki,Hafar Al Batin,Eastern Region,Street,
Feb-25,7362,1001,MEDCINE," 6,699 "," 1,500 ",22%,? ?????? ,Pharmacy 16,Sameh Zaki,Hafar Al Batin,Eastern Region,Street,
Feb-25,7362,1002,ANTIBIOTIC," 1,188 ", 322 ,27%,? ?????? ,Pharmacy 16,Sameh Zaki,Hafar Al Batin,Eastern Region,Street,
Feb-25,7362,1003,ZERO BOUNS," 3,020 ", 153 ,5%,? ?????? ,Pharmacy 16,Sameh Zaki,Hafar Al Batin,Eastern Region,Street,
Feb-25,7362,1004,MULTI VITAMIN AND HERBS, 790 , 257 ,33%,? ?????? ,Pharmacy 16,Sameh Zaki,Hafar Al Batin,Eastern Region,Street,
Feb-25,7362,1005,MEDCINE SP ITEMS, 429 , 65 ,15%,? ?????? ,Pharmacy 16,Sameh Zaki,Hafar Al Batin,Eastern Region,Street,
Feb-25,7362,1211,MILK POWDER," 1,281 ", 119 ,9%,? ?????? ,Pharmacy 16,Sameh Zaki,Hafar Al Batin,Eastern Region,Street,
Feb-25,7362,2001,FOOD SUPLEMENTS, 26 , 8 ,31%,? ?????? ,Pharmacy 16,Sameh Zaki,Hafar Al Batin,Eastern Region,Street,
Feb-25,7362,2002,CHILD CARE, 365 , 122 ,33%,? ?????? ,Pharmacy 16,Sameh Zaki,Hafar Al Batin,Eastern Region,Street,
Feb-25,7362,2003,HAIR CARE, 151 , 42 ,28%,? ?????? ,Pharmacy 16,Sameh Zaki,Hafar Al Batin,Eastern Region,Street,
Feb-25,7362,2004,HAIR COLORANTS, 136 , 42 ,31%,? ?????? ,Pharmacy 16,Sameh Zaki,Hafar Al Batin,Eastern Region,Street,
Feb-25,7362,2005,MOUTH AND TEETH CARE, 400 , 151 ,38%,? ?????? ,Pharmacy 16,Sameh Zaki,Hafar Al Batin,Eastern Region,Street,
Feb-25,7362,2006,SKIN CARE, 781 , 257 ,33%,? ?????? ,Pharmacy 16,Sameh Zaki,Hafar Al Batin,Eastern Region,Street,
Feb-25,7362,2007,MEDICAL APPLIANCES, 585 , 355 ,61%,? ?????? ,Pharmacy 16,Sameh Zaki,Hafar Al Batin,Eastern Region,Street,
Feb-25,7362,2221,KIDS DIAPERS, 427 , 63 ,15%,? ?????? ,Pharmacy 16,Sameh Zaki,Hafar Al Batin,Eastern Region,Street,
Feb-25,7362,2222,FEMALES DIAPERS, 195 , 40 ,21%,? ?????? ,Pharmacy 16,Sameh Zaki,Hafar Al Batin,Eastern Region,Street,
Feb-25,7362,2223,ADULT DIAPERS, 43 , 7 ,16%,? ?????? ,Pharmacy 16,Sameh Zaki,Hafar Al Batin,Eastern Region,Street,
Feb-25,7362,3001,PREMIUM, 729 , 469 ,64%,? ?????? ,Pharmacy 16,Sameh Zaki,Hafar Al Batin,Eastern Region,Street,
Feb-25,4151,1001,MEDCINE," 37,891 "," 15,439 ",41%,???? ??? ??????? ,Pharmacy 16,Sameh Zaki,Hafar Al Batin,Eastern Region,Street,
Feb-25,4151,1002,ANTIBIOTIC," 6,251 "," 2,599 ",42%,???? ??? ??????? ,Pharmacy 16,Sameh Zaki,Hafar Al Batin,Eastern Region,Street,
Feb-25,4151,1003,ZERO BOUNS," 17,439 "," 3,090 ",18%,???? ??? ??????? ,Pharmacy 16,Sameh Zaki,Hafar Al Batin,Eastern Region,Street,
Feb-25,4151,1004,MULTI VITAMIN AND HERBS," 14,111 "," 6,074 ",43%,???? ??? ??????? ,Pharmacy 16,Sameh Zaki,Hafar Al Batin,Eastern Region,Street,
Feb-25,4151,1005,MEDCINE SP ITEMS," 2,490 ", (276),-11%,???? ??? ??????? ,Pharmacy 16,Sameh Zaki,Hafar Al Batin,Eastern Region,Street,
Feb-25,4151,1211,MILK POWDER," 8,543 ", 840 ,10%,???? ??? ??????? ,Pharmacy 16,Sameh Zaki,Hafar Al Batin,Eastern Region,Street,
Feb-25,4151,2001,FOOD SUPLEMENTS, 301 , 120 ,40%,???? ??? ??????? ,Pharmacy 16,Sameh Zaki,Hafar Al Batin,Eastern Region,Street,
Feb-25,4151,2002,CHILD CARE," 1,392 ", 469 ,34%,???? ??? ??????? ,Pharmacy 16,Sameh Zaki,Hafar Al Batin,Eastern Region,Street,
Feb-25,4151,2003,HAIR CARE," 1,106 ", 175 ,16%,???? ??? ??????? ,Pharmacy 16,Sameh Zaki,Hafar Al Batin,Eastern Region,Street,
Feb-25,4151,2004,HAIR COLORANTS, 988 , 262 ,26%,???? ??? ??????? ,Pharmacy 16,Sameh Zaki,Hafar Al Batin,Eastern Region,Street,
Feb-25,4151,2005,MOUTH AND TEETH CARE," 1,795 ", 720 ,40%,???? ??? ??????? ,Pharmacy 16,Sameh Zaki,Hafar Al Batin,Eastern Region,Street,
Feb-25,4151,2006,SKIN CARE," 5,686 "," 1,674 ",29%,???? ??? ??????? ,Pharmacy 16,Sameh Zaki,Hafar Al Batin,Eastern Region,Street,
Feb-25,4151,2007,MEDICAL APPLIANCES," 3,475 "," 1,946 ",56%,???? ??? ??????? ,Pharmacy 16,Sameh Zaki,Hafar Al Batin,Eastern Region,Street,
Feb-25,4151,2221,KIDS DIAPERS," 3,656 ", 455 ,12%,???? ??? ??????? ,Pharmacy 16,Sameh Zaki,Hafar Al Batin,Eastern Region,Street,
Feb-25,4151,2222,FEMALES DIAPERS," 1,662 ", 364 ,22%,???? ??? ??????? ,Pharmacy 16,Sameh Zaki,Hafar Al Batin,Eastern Region,Street,
Feb-25,4151,2223,ADULT DIAPERS, 256 , 38 ,15%,???? ??? ??????? ,Pharmacy 16,Sameh Zaki,Hafar Al Batin,Eastern Region,Street,
Feb-25,4151,3001,PREMIUM," 1,813 "," 1,055 ",58%,???? ??? ??????? ,Pharmacy 16,Sameh Zaki,Hafar Al Batin,Eastern Region,Street,
Feb-25,4151,3002,CHILD-PREMIUM, 117 , 19 ,16%,???? ??? ??????? ,Pharmacy 16,Sameh Zaki,Hafar Al Batin,Eastern Region,Street,
Feb-25,4151,3003,PERSONAL CARE, 74 , 40 ,54%,???? ??? ??????? ,Pharmacy 16,Sameh Zaki,Hafar Al Batin,Eastern Region,Street,
Feb-25,4151,3004,HEALTHY AND DIET FOOD, 15 , 5 ,31%,???? ??? ??????? ,Pharmacy 16,Sameh Zaki,Hafar Al Batin,Eastern Region,Street,
Feb-25,4151,3201,DECLARE, 644 , 544 ,84%,???? ??? ??????? ,Pharmacy 16,Sameh Zaki,Hafar Al Batin,Eastern Region,Street,
Feb-25,4454,1001,MEDCINE, 679 , 302 ,44%,????? ?????,Pharmacy 16,Sameh Zaki,Hafar Al Batin,Eastern Region,Street,
Feb-25,4454,1003,ZERO BOUNS, 476 , 67 ,14%,????? ?????,Pharmacy 16,Sameh Zaki,Hafar Al Batin,Eastern Region,Street,
Feb-25,4454,1004,MULTI VITAMIN AND HERBS, 285 , 186 ,65%,????? ?????,Pharmacy 16,Sameh Zaki,Hafar Al Batin,Eastern Region,Street,
Feb-25,4454,1211,MILK POWDER, 86 , 11 ,12%,????? ?????,Pharmacy 16,Sameh Zaki,Hafar Al Batin,Eastern Region,Street,
Feb-25,4454,2002,CHILD CARE, 18 , 5 ,25%,????? ?????,Pharmacy 16,Sameh Zaki,Hafar Al Batin,Eastern Region,Street,
Feb-25,4454,2003,HAIR CARE, 82 , 43 ,53%,????? ?????,Pharmacy 16,Sameh Zaki,Hafar Al Batin,Eastern Region,Street,
Feb-25,4454,2004,HAIR COLORANTS, 120 , 29 ,24%,????? ?????,Pharmacy 16,Sameh Zaki,Hafar Al Batin,Eastern Region,Street,
Feb-25,4454,2005,MOUTH AND TEETH CARE, 56 , 36 ,64%,????? ?????,Pharmacy 16,Sameh Zaki,Hafar Al Batin,Eastern Region,Street,
Feb-25,4454,2007,MEDICAL APPLIANCES, 39 , 24 ,60%,????? ?????,Pharmacy 16,Sameh Zaki,Hafar Al Batin,Eastern Region,Street,
Feb-25,4454,2221,KIDS DIAPERS, 76 , 8 ,11%,????? ?????,Pharmacy 16,Sameh Zaki,Hafar Al Batin,Eastern Region,Street,
Feb-25,4454,2222,FEMALES DIAPERS, 16 , 3 ,17%,????? ?????,Pharmacy 16,Sameh Zaki,Hafar Al Batin,Eastern Region,Street,
Feb-25,4454,3001,PREMIUM, 98 , 64 ,65%,????? ?????,Pharmacy 16,Sameh Zaki,Hafar Al Batin,Eastern Region,Street,
Feb-25,4454,3005,MAKE-UP, 40 , 20 ,50%,????? ?????,Pharmacy 16,Sameh Zaki,Hafar Al Batin,Eastern Region,Street,
Feb-25,7362,1001,MEDCINE," 6,699 "," 1,500 ",22%,? ?????? ,Pharmacy 16,Sameh Zaki,Hafar Al Batin,Eastern Region,Street,
Feb-25,7362,1002,ANTIBIOTIC," 1,188 ", 322 ,27%,? ?????? ,Pharmacy 16,Sameh Zaki,Hafar Al Batin,Eastern Region,Street,
Feb-25,7362,1003,ZERO BOUNS," 3,020 ", 153 ,5%,? ?????? ,Pharmacy 16,Sameh Zaki,Hafar Al Batin,Eastern Region,Street,
Feb-25,7362,1004,MULTI VITAMIN AND HERBS, 790 , 257 ,33%,? ?????? ,Pharmacy 16,Sameh Zaki,Hafar Al Batin,Eastern Region,Street,
Feb-25,7362,1005,MEDCINE SP ITEMS, 429 , 65 ,15%,? ?????? ,Pharmacy 16,Sameh Zaki,Hafar Al Batin,Eastern Region,Street,
Feb-25,7362,1211,MILK POWDER," 1,281 ", 119 ,9%,? ?????? ,Pharmacy 16,Sameh Zaki,Hafar Al Batin,Eastern Region,Street,
Feb-25,7362,2001,FOOD SUPLEMENTS, 26 , 8 ,31%,? ?????? ,Pharmacy 16,Sameh Zaki,Hafar Al Batin,Eastern Region,Street,
Feb-25,7362,2002,CHILD CARE, 365 , 122 ,33%,? ?????? ,Pharmacy 16,Sameh Zaki,Hafar Al Batin,Eastern Region,Street,
Feb-25,7362,2003,HAIR CARE, 151 , 42 ,28%,? ?????? ,Pharmacy 16,Sameh Zaki,Hafar Al Batin,Eastern Region,Street,
Feb-25,7362,2004,HAIR COLORANTS, 136 , 42 ,31%,? ?????? ,Pharmacy 16,Sameh Zaki,Hafar Al Batin,Eastern Region,Street,
Feb-25,7362,2005,MOUTH AND TEETH CARE, 400 , 151 ,38%,? ?????? ,Pharmacy 16,Sameh Zaki,Hafar Al Batin,Eastern Region,Street,
Feb-25,7362,2006,SKIN CARE, 781 , 257 ,33%,? ?????? ,Pharmacy 16,Sameh Zaki,Hafar Al Batin,Eastern Region,Street,
Feb-25,7362,2007,MEDICAL APPLIANCES, 585 , 355 ,61%,? ?????? ,Pharmacy 16,Sameh Zaki,Hafar Al Batin,Eastern Region,Street,
Feb-25,7362,2221,KIDS DIAPERS, 427 , 63 ,15%,? ?????? ,Pharmacy 16,Sameh Zaki,Hafar Al Batin,Eastern Region,Street,
Feb-25,7362,2222,FEMALES DIAPERS, 195 , 40 ,21%,? ?????? ,Pharmacy 16,Sameh Zaki,Hafar Al Batin,Eastern Region,Street,
Feb-25,7362,2223,ADULT DIAPERS, 43 , 7 ,16%,? ?????? ,Pharmacy 16,Sameh Zaki,Hafar Al Batin,Eastern Region,Street,
Feb-25,7362,3001,PREMIUM, 729 , 469 ,64%,? ?????? ,Pharmacy 16,Sameh Zaki,Hafar Al Batin,Eastern Region,Street,
Feb-25,4151,1001,MEDCINE," 37,891 "," 15,439 ",41%,???? ??? ??????? ,Pharmacy 16,Sameh Zaki,Hafar Al Batin,Eastern Region,Street,
Feb-25,4151,1002,ANTIBIOTIC," 6,251 "," 2,599 ",42%,???? ??? ??????? ,Pharmacy 16,Sameh Zaki,Hafar Al Batin,Eastern Region,Street,
Feb-25,4151,1003,ZERO BOUNS," 17,439 "," 3,090 ",18%,???? ??? ??????? ,Pharmacy 16,Sameh Zaki,Hafar Al Batin,Eastern Region,Street,
Feb-25,4151,1004,MULTI VITAMIN AND HERBS," 14,111 "," 6,074 ",43%,???? ??? ??????? ,Pharmacy 16,Sameh Zaki,Hafar Al Batin,Eastern Region,Street,
Feb-25,4151,1005,MEDCINE SP ITEMS," 2,490 ", (276),-11%,???? ??? ??????? ,Pharmacy 16,Sameh Zaki,Hafar Al Batin,Eastern Region,Street,
Feb-25,4151,1211,MILK POWDER," 8,543 ", 840 ,10%,???? ??? ??????? ,Pharmacy 16,Sameh Zaki,Hafar Al Batin,Eastern Region,Street,
Feb-25,4151,2001,FOOD SUPLEMENTS, 301 , 120 ,40%,???? ??? ??????? ,Pharmacy 16,Sameh Zaki,Hafar Al Batin,Eastern Region,Street,
Feb-25,4151,2002,CHILD CARE," 1,392 ", 469 ,34%,???? ??? ??????? ,Pharmacy 16,Sameh Zaki,Hafar Al Batin,Eastern Region,Street,
Feb-25,4151,2003,HAIR CARE," 1,106 ", 175 ,16%,???? ??? ??????? ,Pharmacy 16,Sameh Zaki,Hafar Al Batin,Eastern Region,Street,
Feb-25,4151,2004,HAIR COLORANTS, 988 , 262 ,26%,???? ??? ??????? ,Pharmacy 16,Sameh Zaki,Hafar Al Batin,Eastern Region,Street,
Feb-25,4151,2005,MOUTH AND TEETH CARE," 1,795 ", 720 ,40%,???? ??? ??????? ,Pharmacy 16,Sameh Zaki,Hafar Al Batin,Eastern Region,Street,
Feb-25,4151,2006,SKIN CARE," 5,686 "," 1,674 ",29%,???? ??? ??????? ,Pharmacy 16,Sameh Zaki,Hafar Al Batin,Eastern Region,Street,
Feb-25,4151,2007,MEDICAL APPLIANCES," 3,475 "," 1,946 ",56%,???? ??? ??????? ,Pharmacy 16,Sameh Zaki,Hafar Al Batin,Eastern Region,Street,
Feb-25,4151,2221,KIDS DIAPERS," 3,656 ", 455 ,12%,???? ??? ??????? ,Pharmacy 16,Sameh Zaki,Hafar Al Batin,Eastern Region,Street,
Feb-25,4151,2222,FEMALES DIAPERS," 1,662 ", 364 ,22%,???? ??? ??????? ,Pharmacy 16,Sameh Zaki,Hafar Al Batin,Eastern Region,Street,
Feb-25,4151,2223,ADULT DIAPERS, 256 , 38 ,15%,???? ??? ??????? ,Pharmacy 16,Sameh Zaki,Hafar Al Batin,Eastern Region,Street,
Feb-25,4151,3001,PREMIUM," 1,813 "," 1,055 ",58%,???? ??? ??????? ,Pharmacy 16,Sameh Zaki,Hafar Al Batin,Eastern Region,Street,
Feb-25,4151,3002,CHILD-PREMIUM, 117 , 19 ,16%,???? ??? ??????? ,Pharmacy 16,Sameh Zaki,Hafar Al Batin,Eastern Region,Street,
Feb-25,4151,3003,PERSONAL CARE, 74 , 40 ,54%,???? ??? ??????? ,Pharmacy 16,Sameh Zaki,Hafar Al Batin,Eastern Region,Street,
Feb-25,4151,3004,HEALTHY AND DIET FOOD, 15 , 5 ,31%,???? ??? ??????? ,Pharmacy 16,Sameh Zaki,Hafar Al Batin,Eastern Region,Street,
Feb-25,4151,3201,DECLARE, 644 , 544 ,84%,???? ??? ??????? ,Pharmacy 16,Sameh Zaki,Hafar Al Batin,Eastern Region,Street,
Feb-25,4454,1001,MEDCINE, 679 , 302 ,44%,????? ?????,Pharmacy 16,Sameh Zaki,Hafar Al Batin,Eastern Region,Street,
Feb-25,4454,1003,ZERO BOUNS, 476 , 67 ,14%,????? ?????,Pharmacy 16,Sameh Zaki,Hafar Al Batin,Eastern Region,Street,
Feb-25,4454,1004,MULTI VITAMIN AND HERBS, 285 , 186 ,65%,????? ?????,Pharmacy 16,Sameh Zaki,Hafar Al Batin,Eastern Region,Street,
Feb-25,4454,1211,MILK POWDER, 86 , 11 ,12%,????? ?????,Pharmacy 16,Sameh Zaki,Hafar Al Batin,Eastern Region,Street,
Feb-25,4454,2002,CHILD CARE, 18 , 5 ,25%,????? ?????,Pharmacy 16,Sameh Zaki,Hafar Al Batin,Eastern Region,Street,
Feb-25,4454,2003,HAIR CARE, 82 , 43 ,53%,????? ?????,Pharmacy 16,Sameh Zaki,Hafar Al Batin,Eastern Region,Street,
Feb-25,4454,2004,HAIR COLORANTS, 120 , 29 ,24%,????? ?????,Pharmacy 16,Sameh Zaki,Hafar Al Batin,Eastern Region,Street,
Feb-25,4454,2005,MOUTH AND TEETH CARE, 56 , 36 ,64%,????? ?????,Pharmacy 16,Sameh Zaki,Hafar Al Batin,Eastern Region,Street,
Feb-25,4454,2007,MEDICAL APPLIANCES, 39 , 24 ,60%,????? ?????,Pharmacy 16,Sameh Zaki,Hafar Al Batin,Eastern Region,Street,
Feb-25,4454,2221,KIDS DIAPERS, 76 , 8 ,11%,????? ?????,Pharmacy 16,Sameh Zaki,Hafar Al Batin,Eastern Region,Street,
Feb-25,4454,2222,FEMALES DIAPERS, 16 , 3 ,17%,????? ?????,Pharmacy 16,Sameh Zaki,Hafar Al Batin,Eastern Region,Street,
Feb-25,4454,3001,PREMIUM, 98 , 64 ,65%,????? ?????,Pharmacy 16,Sameh Zaki,Hafar Al Batin,Eastern Region,Street,
Feb-25,4454,3005,MAKE-UP, 40 , 20 ,50%,????? ?????,Pharmacy 16,Sameh Zaki,Hafar Al Batin,Eastern Region,Street,
Feb-25,7362,1001,MEDCINE," 6,699 "," 1,500 ",22%,? ?????? ,Pharmacy 16,Sameh Zaki,Hafar Al Batin,Eastern Region,Street,
Feb-25,7362,1002,ANTIBIOTIC," 1,188 ", 322 ,27%,? ?????? ,Pharmacy 16,Sameh Zaki,Hafar Al Batin,Eastern Region,Street,
Feb-25,7362,1003,ZERO BOUNS," 3,020 ", 153 ,5%,? ?????? ,Pharmacy 16,Sameh Zaki,Hafar Al Batin,Eastern Region,Street,
Feb-25,7362,1004,MULTI VITAMIN AND HERBS, 790 , 257 ,33%,? ?????? ,Pharmacy 16,Sameh Zaki,Hafar Al Batin,Eastern Region,Street,
Feb-25,7362,1005,MEDCINE SP ITEMS, 429 , 65 ,15%,? ?????? ,Pharmacy 16,Sameh Zaki,Hafar Al Batin,Eastern Region,Street,
Feb-25,7362,1211,MILK POWDER," 1,281 ", 119 ,9%,? ?????? ,Pharmacy 16,Sameh Zaki,Hafar Al Batin,Eastern Region,Street,
Feb-25,7362,2001,FOOD SUPLEMENTS, 26 , 8 ,31%,? ?????? ,Pharmacy 16,Sameh Zaki,Hafar Al Batin,Eastern Region,Street,
Feb-25,7362,2002,CHILD CARE, 365 , 122 ,33%,? ?????? ,Pharmacy 16,Sameh Zaki,Hafar Al Batin,Eastern Region,Street,
Feb-25,7362,2003,HAIR CARE, 151 , 42 ,28%,? ?????? ,Pharmacy 16,Sameh Zaki,Hafar Al Batin,Eastern Region,Street,
Feb-25,7362,2004,HAIR COLORANTS, 136 , 42 ,31%,? ?????? ,Pharmacy 16,Sameh Zaki,Hafar Al Batin,Eastern Region,Street,
Feb-25,7362,2005,MOUTH AND TEETH CARE, 400 , 151 ,38%,? ?????? ,Pharmacy 16,Sameh Zaki,Hafar Al Batin,Eastern Region,Street,
Feb-25,7362,2006,SKIN CARE, 781 , 257 ,33%,? ?????? ,Pharmacy 16,Sameh Zaki,Hafar Al Batin,Eastern Region,Street,
Feb-25,7362,2007,MEDICAL APPLIANCES, 585 , 355 ,61%,? ?????? ,Pharmacy 16,Sameh Zaki,Hafar Al Batin,Eastern Region,Street,
Feb-25,7362,2221,KIDS DIAPERS, 427 , 63 ,15%,? ?????? ,Pharmacy 16,Sameh Zaki,Hafar Al Batin,Eastern Region,Street,
Feb-25,7362,2222,FEMALES DIAPERS, 195 , 40 ,21%,? ?????? ,Pharmacy 16,Sameh Zaki,Hafar Al Batin,Eastern Region,Street,
Feb-25,7362,2223,ADULT DIAPERS, 43 , 7 ,16%,? ?????? ,Pharmacy 16,Sameh Zaki,Hafar Al Batin,Eastern Region,Street,
Feb-25,7362,3001,PREMIUM, 729 , 469 ,64%,? ?????? ,Pharmacy 16,Sameh Zaki,Hafar Al Batin,Eastern Region,Street,
Feb-25,4268,1001,MEDCINE," 34,849 "," 13,421 ",39%,????? ????,Pharmacy 17,Sameh Zaki,Hafar Al Batin,Eastern Region,Street,
Feb-25,4268,1002,ANTIBIOTIC," 6,787 "," 1,181 ",17%,????? ????,Pharmacy 17,Sameh Zaki,Hafar Al Batin,Eastern Region,Street,
Feb-25,4268,1003,ZERO BOUNS," 13,494 "," 1,021 ",8%,????? ????,Pharmacy 17,Sameh Zaki,Hafar Al Batin,Eastern Region,Street,
Feb-25,4268,1004,MULTI VITAMIN AND HERBS," 7,717 "," 3,099 ",40%,????? ????,Pharmacy 17,Sameh Zaki,Hafar Al Batin,Eastern Region,Street,
Feb-25,4268,1005,MEDCINE SP ITEMS," 1,761 ", (155),-9%,????? ????,Pharmacy 17,Sameh Zaki,Hafar Al Batin,Eastern Region,Street,
Feb-25,4268,1211,MILK POWDER," 7,588 ", 706 ,9%,????? ????,Pharmacy 17,Sameh Zaki,Hafar Al Batin,Eastern Region,Street,
Feb-25,4268,2001,FOOD SUPLEMENTS, 226 , 82 ,36%,????? ????,Pharmacy 17,Sameh Zaki,Hafar Al Batin,Eastern Region,Street,
Feb-25,4268,2002,CHILD CARE," 1,242 ", 458 ,37%,????? ????,Pharmacy 17,Sameh Zaki,Hafar Al Batin,Eastern Region,Street,
Feb-25,4268,2003,HAIR CARE," 1,033 ", 85 ,8%,????? ????,Pharmacy 17,Sameh Zaki,Hafar Al Batin,Eastern Region,Street,
Feb-25,4268,2004,HAIR COLORANTS, 657 , 110 ,17%,????? ????,Pharmacy 17,Sameh Zaki,Hafar Al Batin,Eastern Region,Street,
Feb-25,4268,2005,MOUTH AND TEETH CARE," 1,480 ", 590 ,40%,????? ????,Pharmacy 17,Sameh Zaki,Hafar Al Batin,Eastern Region,Street,
Feb-25,4268,2006,SKIN CARE," 4,186 "," 1,321 ",32%,????? ????,Pharmacy 17,Sameh Zaki,Hafar Al Batin,Eastern Region,Street,
Feb-25,4268,2007,MEDICAL APPLIANCES," 3,753 "," 2,041 ",54%,????? ????,Pharmacy 17,Sameh Zaki,Hafar Al Batin,Eastern Region,Street,
Feb-25,4268,2221,KIDS DIAPERS," 3,121 ", 356 ,11%,????? ????,Pharmacy 17,Sameh Zaki,Hafar Al Batin,Eastern Region,Street,
Feb-25,4268,2222,FEMALES DIAPERS," 1,066 ", 237 ,22%,????? ????,Pharmacy 17,Sameh Zaki,Hafar Al Batin,Eastern Region,Street,
Feb-25,4268,2223,ADULT DIAPERS, 755 , 126 ,17%,????? ????,Pharmacy 17,Sameh Zaki,Hafar Al Batin,Eastern Region,Street,
Feb-25,4268,3001,PREMIUM," 1,437 ", 648 ,45%,????? ????,Pharmacy 17,Sameh Zaki,Hafar Al Batin,Eastern Region,Street,
Feb-25,4268,3002,CHILD-PREMIUM, 132 , 10 ,7%,????? ????,Pharmacy 17,Sameh Zaki,Hafar Al Batin,Eastern Region,Street,
Feb-25,4268,3003,PERSONAL CARE, 41 , 19 ,46%,????? ????,Pharmacy 17,Sameh Zaki,Hafar Al Batin,Eastern Region,Street,
Feb-25,4268,3004,HEALTHY AND DIET FOOD, 40 , 12 ,30%,????? ????,Pharmacy 17,Sameh Zaki,Hafar Al Batin,Eastern Region,Street,
Feb-25,4268,3201,DECLARE, 185 , 161 ,87%,????? ????,Pharmacy 17,Sameh Zaki,Hafar Al Batin,Eastern Region,Street,
Feb-25,4454,1001,MEDCINE," 17,322 "," 7,524 ",43%,????? ?????,Pharmacy 17,Sameh Zaki,Hafar Al Batin,Eastern Region,Street,
Feb-25,4454,1002,ANTIBIOTIC," 2,208 ", 240 ,11%,????? ?????,Pharmacy 17,Sameh Zaki,Hafar Al Batin,Eastern Region,Street,
Feb-25,4454,1003,ZERO BOUNS," 6,861 ", 403 ,6%,????? ?????,Pharmacy 17,Sameh Zaki,Hafar Al Batin,Eastern Region,Street,
Feb-25,4454,1004,MULTI VITAMIN AND HERBS," 4,194 "," 1,837 ",44%,????? ?????,Pharmacy 17,Sameh Zaki,Hafar Al Batin,Eastern Region,Street,
Feb-25,4454,1005,MEDCINE SP ITEMS," 1,042 ", (620),-60%,????? ?????,Pharmacy 17,Sameh Zaki,Hafar Al Batin,Eastern Region,Street,
Feb-25,4454,1211,MILK POWDER," 4,638 ", 527 ,11%,????? ?????,Pharmacy 17,Sameh Zaki,Hafar Al Batin,Eastern Region,Street,
Feb-25,4454,2001,FOOD SUPLEMENTS, 40 , 13 ,34%,????? ?????,Pharmacy 17,Sameh Zaki,Hafar Al Batin,Eastern Region,Street,
Feb-25,4454,2002,CHILD CARE, 521 , 196 ,38%,????? ?????,Pharmacy 17,Sameh Zaki,Hafar Al Batin,Eastern Region,Street,
Feb-25,4454,2003,HAIR CARE, 536 , 114 ,21%,????? ?????,Pharmacy 17,Sameh Zaki,Hafar Al Batin,Eastern Region,Street,
Feb-25,4454,2004,HAIR COLORANTS, 475 , 53 ,11%,????? ?????,Pharmacy 17,Sameh Zaki,Hafar Al Batin,Eastern Region,Street,
Feb-25,4454,2005,MOUTH AND TEETH CARE, 754 , 348 ,46%,????? ?????,Pharmacy 17,Sameh Zaki,Hafar Al Batin,Eastern Region,Street,
Feb-25,4454,2006,SKIN CARE," 2,320 ", 862 ,37%,????? ?????,Pharmacy 17,Sameh Zaki,Hafar Al Batin,Eastern Region,Street,
